rep_genome	members	genomes_in_tree	species
AB818490	AB818490		Amphidinium massartii
AB818491	AB818491		Amphidinium massartii
AF137379	AF137379,NC_000927	NC_000927	Nephroselmis olivacea
AF494278	AF494278,NC_004115	AF494278	Chaetosphaeridium globosum
AP014542	AP014542	AP014542	Rhipidosiphon lewmanomontiae
AP014543	AP014543	AP014543	Poropsis sp. ID1_4
AP025008	AP025008,MF805805	MF805805	Coccomyxa sp. SUA001
AY286123	AY286123,NC_004799,AB002583	AB002583	Cyanidioschyzon merolae
CP038136	CP038136,NC_022263,KC598086,KC598090	KC598090	Nannochloropsis oceanica
CP084607	CP084607,MZ647689	MZ647689	Chlorella variabilis
HE605038	HE605038,NC_017754	NC_017754	Eutreptiella gymnastica
JX297813	JX297813	JX297813	uncultured Pelagomonas
KF285522	KF285522,KF285523,KF285524,KF285525,KF285526,KF285527,KF285528,KF285529,KF285530,KF285531,KF285532,KF285533,KC990831,CR954199,NC_008289	KF285523	Ostreococcus tauri
KF438023	KF438023	KF438023	Lotharella oceanica
KJ001761	KJ001761		Prototheca wickerhamii
KJ410682	KJ410682,KJ410685,NC_022261,KC598084,KC598088,NC_020014,KC012944	KC598084	Nannochloropsis gaditana
KJ742376	KJ742376,NC_023835,KJ397925	NC_023835	Chlorella sorokiniana
KJ746597	KJ746597	KJ746597	Prasinococcus sp. CCMP1194
KJ746601	KJ746601	KJ746601	Chloropicon primus
KJ746602	KJ746602	KJ746602	prasinophyte sp. MBIC10622
KJ776827	KJ776827,KJ776828,KJ776829,KJ776830,KJ776831,KJ776832,KJ776833,KJ776834,KJ776835,KF515972,KF515973,NC_024050,KC904971	KC904971	Neoporphyra perforata
KJ877675	KJ877675	KJ877675	Ochromonas sp. CCMP1393
KM462862	KM462862	KM462862	Prasiolopsis sp. SAG 84.81
KM462870	KM462870	KM462870	Marsupiomonas sp. NIES 1824
KM821265	KM821265	KM821265	Lobosphaera incisa
KP686075	KP686075	KP686075	Euglena viridis
KP686076	KP686076,NC_001603,X70810	KP686076	Euglena gracilis
KT223519	KT223519	KT223519	Euglena mutabilis
KT428890	KT428890	KT428890	Guillardia theta
KT625419	KT625419	KT625419	Carteria sp. SAG 8-5
KT716756	KT716756	KT716756	Pyropia endiviifolia
KU167097	KU167097	KU167097	Tetraselmis sp. CCMP 881
KU979013	KU979013	KU979013	Ostreobium sp. OS1B
KX013546	KX013546,NC_012099,FJ493499	NC_012099	Pyramimonas parkeae
KX131180	KX131180	KX131180	Hariotina sp. MMOGRB0030F
KX284710	KX284710	KX284710	Riquetophycus sp.
KX284728	KX284728	KX284728	Rhodochaete parvula
KX306821	KX306821	KX306821	Rhexinema sarcinoideum
KX306824	KX306824	KX306824	Gloeotilopsis planctonica
KX530454	KX530454	KX530454	Dunaliella salina
KX809677	KX809677,NC_037367,KY819068	KY819068	Caulerpa manorensis
KX839260	KX839260	KX839260	Monodopsis sp. MarTras21
KY347917	KY347917	KY347917	Pedinophyceae sp. YPF-701
KY499654	KY499654	KY499654	Gomphoneis minuta
KY613608	KY613608,KC843975,NC_023775,KC631634	KC843975	Auxenochlorella protothecoides
KY629617	KY629617,KP271969,KJ718922,NC_015359,HQ914635	KY629617	Chlorella sp. ATCC 30562
KY709207	KY709207,NC_031173,KX284718	KY709207	Bangiopsis subsimplex
KY856940	KY856940	KY856940	Storeatula sp. CCMP1868
LC269918	LC269918,LC269919,LC269920,LC269921,LC269922,LC269923,LC269924,NC_010772,EU168190,EU168191	EU168191	Heterosigma akashiwo
LC484192	LC484192	LC484192	Cryptomonas curvata
LC484193	LC484193	LC484193	Cryptomonas sp. CCAC 1634B
LC484194	LC484194	LC484194	Cryptomonas sp. SAG 977-2f
LC523992	LC523992	LC523992	Astrephomene gubernaculifera
LC537471	LC537471,MW845778,NC_025310,KJ958479	KJ958479	Chaetoceros simplex
LC537912	LC537912,NC_080230,OQ784247	LC537912	Nemalion vermiculare
LC564893	LC564893	LC564893	Haptophyceae sp. NIES-3900
LC604816	LC604816	LC604816	Medakamo hakoo
LC648950	LC648950	LC648950	Cryptomonas borealis
LC648951	LC648951	LC648951	Cryptomonas curvata
LC648952	LC648952,LC648959	LC648952	Cryptomonas sp. NIES-345
LC648953	LC648953	LC648953	Cryptomonas tetrapyrenoidosa
LC648954	LC648954,LC648961	LC648961	Rhodomonas sp. NIES-1730
LC648955	LC648955	LC648955	Chroomonas collegionis
LC648956	LC648956,NC_013703,GQ358203	NC_013703	Cryptomonas paramecium
LC648957	LC648957	LC648957	Proteomonas sp. NIES-1005
LC648958	LC648958	LC648958	Rhodomonas sp. NIES-1006
LC648960	LC648960	LC648960	Proteomonas sp. NEIS-1375
LC648962	LC648962	LC648962	Chroomonas debatzensis
LC648963	LC648963	LC648963	Rhodomonas sp. NIES-2332
LC648964	LC648964	LC648964	Hemiselmis andersenii
LC648965	LC648965	LC648965	Cryptomonas sp. NIES-3952
LC704715	LC704715,LC704717		Closterium sp. NIES-68
LC716139	LC716139		Dinophyceae sp. TGD
LC716140	LC716140		Dinophyceae sp. MGD
LC761953	LC761953,LC761954,LC761955	LC761955	Pyropia sp. Myanmar_C
LC768901	LC768901,LN810504,NC_026795	LC768901	Bryopsis sp. KO-2023
LC781622	LC781622	LC781622	Amorphochlora amoebiformis
LC814759	LC814759,LC814762,LC814765,LC814786,MW679509		Skeletonema ardens
LC814774	LC814774,NC_058705,MW679511	NC_058705	Skeletonema grevillei
LC814777	LC814777,LC814768,LC814771,LC814780,LC814783,LC814789,NC_058701,NC_058702,NC_058703,NC_058704,MW679506,MW679507,MW679508,MW679510,MK372941	MW679507	Skeletonema tropicum
LC855054	LC855054	LC855054	Pyropia acanthophora
LC855055	LC855055	LC855055	Pyropia pseudolinearis
LC855056	LC855056,LC855059,LC855062,OR123498,MT876197,MK695880,KC517072,NC_007932,AP006715	KC517072	Neopyropia yezoensis
LC855057	LC855057	LC855057	Phycocalidia tanegashimensis
LC855058	LC855058	LC855058	Pyropia kanakaensis
LC855060	LC855060,NC_021189,KC464603	KC464603	Neoporphyra haitanensis
LC855061	LC855061	LC855061	Neoporphyra dentata
LC855063	LC855063	LC855063	Porphyra tenuipedalis
LN810505	LN810505,NC_026796	NC_026796	Tydemania expeditionis
LT622862	LT622862,LT622876,NC_031654	LT622876	Helminthora furcellata
LT622863	LT622863,NC_031655	LT622863	Dermonema virens
LT622864	LT622864,NC_031656	NC_031656	Dichotomaria marginata
LT622865	LT622865,NC_031657	NC_031657	Galaxaura rugosa
LT622866	LT622866,NC_031658	LT622866	Helminthocladia australis
LT622867	LT622867,NC_031659	LT622867	Hommersandiophycus borowitzkae
LT622868	LT622868,NC_031660	LT622868	Izziella formosana
LT622869	LT622869,LT622877,NC_031661,NC_031667	LT622869	Liagora harveyana
LT622870	LT622870,NC_031662	NC_031662	Liagoropsis maxima
LT622871	LT622871	LT622871	Nemalion sp. H.1444
LT622872	LT622872,NC_031663	NC_031663	Neoizziella asiatica
LT622873	LT622873,NC_031664	NC_031664	Scinaia undulata
LT622874	LT622874,NC_031665	NC_031665	Titanophycus setchellii
LT622875	LT622875,NC_031666	LT622875	Yamadaella caenomyce
LT622878	LT622878,NC_031668	NC_031668	Trichogloeopsis pedicellata
MF083688	MF083688,MF083689,MF083690,MF083691,MF083692,FJ423446,NC_005353,BK000554	MF083692	Chlamydomonas reinhardtii
MF101412	MF101412	MF101412	Laurencieae sp.
MF101414	MF101414	MF101414	Polysiphonia sp.
MF101429	MF101429	MF101429	Chondria sp. (in: red algae)
MF101431	MF101431	MF101431	Chondria sp. (in: red algae)
MF101435	MF101435	MF101435	Polysiphonia sertularioides
MF101451	MF101451	MF101451	Chondria sp. (in: red algae)
MF101453	MF101453	MF101453	Palisada sp.
MF101456	MF101456	MF101456	Polysiphonia sp.
MF167424	MF167424	MF167424	Glaucocystis sp. BBH
MF276978	MF276978	MF276978	Pediastrum angulosum
MF276979	MF276979,MF276981	MF276979	Pediastrum duplex
MF401423	MF401423,NC_023133	MF401423	Porphyridium purpureum
MG264610	MG264610	MG264610	Paulinella longichromatophora
MG552671	MG552671	MG552671	Picochlorum sp. 'soloecismus'
MG755791	MG755791	MG755791	Proboscia sp.
MG755795	MG755795	MG755795	Licmophora sp.
MG755797	MG755797	MG755797	Eunotogramma sp.
MG778533	MG778533	MG778533	Uronema sp. CCAP 334/1
MH113811	MH113811,NC_014287,GU591327	NC_014287	Durinskia baltica
MH161344	MH161344	MH161344	Eudorina elegans
MH161345	MH161345	MH161345	Eudorina cylindrica
MH267732	MH267732	MH267732	Eudorina sp. NIES-3984
MH281627	MH281627	MH281627	Lithothamnion sp.
MH281629	MH281629	MH281629	Renouxia sp.
MH281630	MH281630	MH281630	Rhodogorgon sp.
MH356727	MH356727	MH356727	Seminavis robusta
MH511733	MH511733	MH511733	Colemanosphaera charkowiensis
MH590838	MH590838	MH590838	Chlamydomonas sp. UWO 241
MH591102	MH591102	MH591102	Boodleopsis sp. FL1161
MH591113	MH591113	MH591113	Udotea sp. TZ0819
MH795128	MH795128	MH795128	Synura petersenii
MH795129	MH795129	MH795129	Synura sphagnicola
MH795132	MH795132	MH795132	Neotessella volvocina
MH898669	MH898669	MH898669	Lepocinclis tripteris
MK085988	MK085988,MK085990,MK085996	MK085996	Chloroparvula sp. RCC4572
MK085997	MK085997	MK085997	Chloropicon sp. RCC4434
MK408749	MK408749,NC_054284,MT948112	MK408749	Blidingia minima
MK641509	MK641509	MK641509	Kumanoa mahlacensis
MK792749	MK792749	MK792749	Caulerpa serrulata
MK792750	MK792750	MK792750	Caulerpa sertularioides
MK798155	MK798155	MK798155	Cryptophyta sp. CCMP2293
MK895950	MK895950	MK895950	Pediastrum duplex
MK995333	MK995333	MK995333	Asterarcys sp. GP-2019
MN102114	MN102114,NC_042250,MG778185	NC_042250	Chlorosarcinopsis eremi
MN128434	MN128434,MH983006	MN128434,MH983006	Auxenochlorella pyrenoidosa
MN181444	MN181444,FP102343,FP102296,NC_013498	FP102296	Ectocarpus siliculosus
MN240356	MN240356	MN240356	Betaphycus gelatinus
MN240357	MN240357	MN240357	Eucheuma denticulatum
MN240358	MN240358	MN240358	Kappaphycus striatus
MN276191	MN276191	MN276191	Nanofrustulum shiloi
MN649872	MN649872	MN649872	Micractinium pusillum
MN659374	MN659374	MN659374	Uronema sp. FACHB-2429
MN699101	MN699101	MN699101	Stigeoclonium sp. FACHB-2430
MN701588	MN701588	MN701588	Chaetophora sp. FACHB-2423
MN701985	MN701985	MN701985	Chaetophoropsis cf. attenuata FACHB-2291
MN701986	MN701986	MN701986	Chaetophoropsis cf. attenuata FACHB-2291
MN701987	MN701987	MN701987	Chaetophoropsis cf. attenuata FACHB-2291
MN701988	MN701988	MN701988	Chaetophoropsis cf. attenuata FACHB-2291
MN701989	MN701989	MN701989	Chaetophoropsis cf. attenuata FACHB-2291
MN701990	MN701990	MN701990	Chaetophoropsis cf. attenuata FACHB-2291
MN701991	MN701991		Chaetophoropsis cf. attenuata FACHB-2291
MN709220	MN709220,NC_037007,MG677935	MN709220	Haematococcus lacustris
MN853876	MN853876	MN853876	Codium fragile
MN894287	MN894287,KF554427	MN894287	Micractinium singularis
MN905507	MN905507	MN905507	Batrachospermum sp.
MN909954	MN909954,NC_031171,KX284714	NC_031171	Thorea hispida
MN937452	MN937452,NC_008588,EF067920	MN937452	Phaeodactylum tricornutum
MT040697	MT040697	MT040697	Zygnema circumcarinatum
MT117916	MT117916	MT117916	Pterocladia lucida
MT117918	MT117918		Pterocladiophila hemisphaerica
MT211884	MT211884,MT211885,MT211886,MT211887,NC_042901,MK598845,NC_041636,MK408748	MT211886	Corallina officinalis
MT271684	MT271684,MN201587,NC_039377,MG753774	MN201587	Caulerpa lentillifera
MT364368	MT364368	MT364368	Oedocladium prescottii
MT364369	MT364369,NC_031510,KX507373	KX507373	Oedocladium carolinianum
MT383637	MT383637,NC_008589,EF067921	EF067921	Thalassiosira pseudonana
MT471323	MT471323,MT471324,MT471325,MT471326,MT471327,MT471328,MT471329,MT471330,MT471331,MT471332,MT471333,MT471334,NC_021637,KC900889	MT471333	Phaeocystis globosa
MT742551	MT742551	MT742551	Nitzschia anatoliensis
MT872223	MT872223,MT872224,MT872225,MT872226,KJ410684,NC_022259,NC_022260,NC_022262,KC598085,KC598087,KC598089	MT872224,KJ410684	Nannochloropsis limnetica
MT896721	MT896721,NC_059930,MW561225	MT896721	Coscinodiscus granii
MW250871	MW250871	MW250871	Oedogonium dentireticulatum
MW250872	MW250872	MW250872	Oedogonium crispum
MW250873	MW250873	MW250873	Oedogonium sp. 260-2_chl
MW250874	MW250874,NC_011031,EU677193	EU677193	Oedogonium cardiacum
MW250875	MW250875	MW250875	Oedogonium sp. HN1801B
MW323067	MW323067,NC_030358,KU646493	MW323067	Coleochaete orbicularis
MW344287	MW344287,MW353781,MW548841,MT916929,NC_050739,KX595275,NC_043860,MK069584	NC_043860	Ulva mutabilis
MW408731	MW408731,NC_042485,MK085989	MK085989	Chloropicon mariensis
MW543060	MW543060,NC_053616	MW543060	Ulva rigida
MW556321	MW556321	MW556321	Nitellopsis obtusa
MW592700	MW592700	MW592700	Thalassiosira sp.
MW645082	MW645082,MW645084	MW645084	Haslea silbo
MW660365	MW660365,NC_053621,MW004650	MW660365	Chaetoceros sp. DS1
MW675662	MW675662	MW675662	Sahlingia subintegra
MW675663	MW675663	MW675663	Sahlingia subintegra
MW675665	MW675665,MW675684	MW675684	Porphyrostromium boryanum
MW675666	MW675666	MW675666	Porphyrostromium boryanum
MW675667	MW675667	MW675667	Porphyrostromium japonicum
MW675668	MW675668	MW675668	Porphyropsis coccinea
MW675669	MW675669	MW675669	Porphyropsis coccinea
MW675670	MW675670	MW675670	Porphyropsis coccinea
MW675673	MW675673	MW675673	Erythrotrichia welwitschii
MW675674	MW675674	MW675674	Erythrotrichia welwitschii
MW675675	MW675675	MW675675	Erythrotrichia longistipitata
MW675676	MW675676	MW675676	Erythrotrichia longistipitata
MW675677	MW675677	MW675677	Erythrotrichia foliiformis
MW675678	MW675678	MW675678	Erythrotrichia foliiformis
MW675679	MW675679	MW675679	Erythrotrichia carnea
MW675680	MW675680	MW675680	Erythrotrichia carnea
MW675681	MW675681	MW675681	Erythrocladia irregularis
MW675682	MW675682	MW675682	Erythrocladia irregularis
MW675683	MW675683	MW675683	Erythrocladia irregularis
MW752443	MW752443,NC_025314,KJ958485	KJ958485	Conticribra weissflogii
MW810349	MW810349	MW810349	Erythrocystis saccata
MW845774	MW845774,MZ352931	MW845774	Chaetoceros muellerii
MW845775	MW845775	MW845775	Chaetoceros costatus
MW845776	MW845776	MW845776	Chaetoceros socialis
MW845777	MW845777,MW845780	MW845777,MW845780	Chaetoceros pseudocurvisetus
MW845779	MW845779	MW845779	Chaetoceros laevisporus
MW853965	MW853965	MW853965	Pseudo-nitzschia hainanensis
MW900257	MW900257,MT920676,MT577052,MK948100,MK948102,NC_001865	MW900257	Chlorella vulgaris
MW971520	MW971520	MW971520	Nitzschia inconspicua
MZ156027	MZ156027	MZ156027	Akkesiphycus lubricus
MZ156028	MZ156028	MZ156028	Protohalopteris sp.
MZ156030	MZ156030	MZ156030	Pseudochorda nagaii
MZ156039	MZ156039	MZ156039	Egregia menziesii
MZ158703	MZ158703	MZ158703	Ulva intestinalis
MZ334625	MZ334625		Trentepohlia sp. YN1242
MZ334626	MZ334626		Trentepohlia sp. YN1317
MZ336050	MZ336050		Gracilaria changii
MZ336051	MZ336051,MF401963,NC_029860,KT266788	MZ336051	Agarophyton chilense
MZ336057	MZ336057,NC_046041,MN053318	MZ336057	Gracilaria edulis
MZ336066	MZ336066,NC_039142,MH396012	MZ336066	Hydropuntia rangiferina
MZ336067	MZ336067,NC_023785,KF861575	MZ336067	Gracilaria salicornia
MZ336073	MZ336073,NC_031149,KX284722,NC_029644,KU179794,KP330491	NC_031149	Gracilariopsis chorda
MZ365053	MZ365053	MZ365053	Climaconeis sp.
MZ365054	MZ365054	MZ365054	Climaconeis cf. scalaris
MZ365055	MZ365055	MZ365055	Climaconeis cf. scalaris
MZ520768	MZ520768	MZ520768	Schizostauron trachyderma
MZ681957	MZ681957,KJ569775	MZ681957	Cyanidioschyzonaceae sp. 1
MZ681958	MZ681958	MZ681958	Cyanidiaceae sp.
MZ681962	MZ681962	MZ681962	Boldiaceae sp.
NC_000925	NC_000925,PPU38804		Porphyra purpurea
NC_000926	NC_000926	NC_000926	Guillardia theta
NC_002652	NC_002652	NC_002652	Euglena longa
NC_006137	NC_006137,AY673996	AY673996	Gracilaria tenuistipitata
NC_008099	NC_008099,DQ291132	DQ291132	Oltmannsiellopsis viridis
NC_008100	NC_008100,DQ398104		Helicosporidium sp. ex Simulium jonesi
NC_008114	NC_008114,AY835431	NC_008114	Tupiella akineta
NC_008116	NC_008116,AY958085	NC_008116	Staurastrum punctulatum
NC_008117	NC_008117,AY958086	AY958086	Zygnema circumcarinatum
NC_008372	NC_008372,DQ630521	DQ630521	Stigeoclonium helveticum
NC_008408	NC_008408,DQ851108	DQ851108	Bigelowiella natans
NC_009573	NC_009573,EF508371	NC_009573	Rhodomonas salina
NC_009681	NC_009681,EF506945	EF506945	Pleurastrum terricola
NC_011600	NC_011600,EU912438	EU912438	Vaucheria litorea
NC_012101	NC_012101,FJ493497	NC_012101	Monomastix sp. OKE-1
NC_012575	NC_012575,FJ858267	NC_012575	Micromonas commoda
NC_012898	NC_012898,GQ231541	NC_012898	Aureococcus anophagefferens
NC_012903	NC_012903,GQ231542	NC_012903	Aureoumbra lagunensis
NC_012978	NC_012978,FJ968741	FJ968741	Parachlorella kessleri
NC_014267	NC_014267,GU591328	GU591328	Kryptoperidinium foliaceum
NC_014340	NC_014340,HM222967	NC_014340	Chromera velia
NC_014345	NC_014345,HM222968	HM222968	Chromerida sp. RM11
NC_014346	NC_014346,GU196268	GU196268	Floydiella terrestris
NC_014808	NC_014808,GU323224	GU323224	Thalassiosira oceanica
NC_015084	NC_015084,HQ693844	NC_015084	Coccomyxa subellipsoidea
NC_015645	NC_015645,HQ700713	HQ700713	Schizomeris leibleinii
NC_016703	NC_016703,JN117275	JN117275	Phaeocystis antarctica
NC_016731	NC_016731,JQ088178	NC_016731	Ulnaria acus
NC_016732	NC_016732,GQ250046	GQ250046	Dunaliella salina
NC_016733	NC_016733,FJ968740	NC_016733	Pedinomonas minor
NC_018569	NC_018569,JX402620	JX402620	Trebouxiophyceae sp. MX-AZ01
NC_020018	NC_020018,JX457480	NC_020018	Monomorphina aenigmatica
NC_020438	NC_020438,AP012494	AP012494	Gonium pectorale
NC_020460	NC_020460,JQ237893	NC_020460	Euglena viridis
NC_021075	NC_021075,KC153978	NC_021075	Calliarthron tuberculosum
NC_021109	NC_021109,JX977846	NC_021109	Pleodorina starrii
NC_024080	NC_024080,KC509520	NC_024080	Asterionellopsis glacialis
NC_024081	NC_024081,KC509521	KC509521	Coscinodiscus radiatus
NC_024082	NC_024082,KC509522	NC_024082	Cylindrotheca closterium
NC_024083	NC_024083,KC509523	NC_024083	Didymosphenia geminata
NC_024084	NC_024084,KC509524	NC_024084	Leptocylindrus danicus
NC_024154	NC_024154,KC684276	KC684276	Euglenaformis proxima
NC_024169	NC_024169,KJ461682	KJ461682	Mesotaenium endlicherianum
NC_024665	NC_024665,KJ700459	KJ700459	Galdieria sulphuraria
NC_024811	NC_024811	NC_024811	Bathycoccus prasinos
NC_024817	NC_024817,KJ746598	KJ746598	Prasinoderma coloniale
NC_024828	NC_024828,KJ746599	NC_024828	Picocystis salinarum
NC_024829	NC_024829,KJ746600	KJ746600	Nephroselmis astigmatica
NC_024928	NC_024928,KF733443	KF733443	Eunotia naegelii
NC_025311	NC_025311,KJ958482	NC_025311	Rhizosolenia imbricata
NC_025312	NC_025312,KJ958483	KJ958483	Roundia cardiophora
NC_025313	NC_025313,KJ958484	NC_025313	Cerataulina daemon
NC_025524	NC_025524,KM462860	NC_025524	Symbiochloris handae
NC_025525	NC_025525,KM462861	NC_025525	Myrmecia israelensis
NC_025526	NC_025526,KM462863	NC_025526	Watanabea reniformis
NC_025527	NC_025527,KM462864	KM462864	Stichococcus bacillaris
NC_025528	NC_025528,KM462865	NC_025528	Edaphochlorella mirabilis
NC_025529	NC_025529,KM462866	KM462866	Pseudochlorella signiensis
NC_025530	NC_025530,KM462867	KM462867	Pedinomonas tuberculata
NC_025531	NC_025531,KM462868	NC_025531	Koliella longiseta
NC_025532	NC_025532,KM462869	NC_025532	Parietochloris pseudoalveolaris
NC_025533	NC_025533,KM462871	KM462871	Lobosphaera incisa
NC_025534	NC_025534,KM462872	KM462872	Xylochloris irregularis
NC_025535	NC_025535,KM462873	NC_025535	Neocystis brevis
NC_025536	NC_025536,KM462874	NC_025536	Koliella corcontica
NC_025537	NC_025537,KM462876	NC_025537	Microthamnion kuetzingianum
NC_025538	NC_025538,KM462877	NC_025538	Gloeotilopsis sterilis
NC_025539	NC_025539,KM462878	NC_025539	Choricystis parasitica
NC_025540	NC_025540,KM462879	KM462879	Paradoxia multiseta
NC_025541	NC_025541,KM462880	KM462880	Binuclearia lauterbornii
NC_025542	NC_025542,KM462881		Interfilum terricola
NC_025543	NC_025543,KM462882	KM462882	Fusochloris perforata
NC_025544	NC_025544,KM462883	KM462883	Geminella minor
NC_025545	NC_025545,KM462884	NC_025545	Botryococcus braunii
NC_025546	NC_025546,KM462885	NC_025546	Dicloster acuatus
NC_025547	NC_025547,KM462886	KM462886	Pseudochloris wilhelmii
NC_025548	NC_025548,KM462887	KM462887	Elliptochloris bilobata
NC_025549	NC_025549,KM462888	NC_025549	Marvania geminata
NC_026522	NC_026522,KP308096	NC_026522	Choreocolax polysiphoniae
NC_026523	NC_026523,KP308097	KP308097	Vertebrata lanosa
NC_027093	NC_027093,LC008447	NC_027093	Lepidodinium chlorophorum
NC_027269	NC_027269,KP453743	NC_027269	Euglenaria anabaena
NC_027286	NC_027286,KP410781	NC_027286	Cryptoglena skujai
NC_027287	NC_027287,KP455987	NC_027287	Monomorphina parapyrum
NC_027288	NC_027288,KP686077	NC_027288	Trachelomonas volvocina
NC_027589	NC_027589,KP899713	NC_027589	Teleaulax amphioxeia
NC_027721	NC_027721,MW722945,KR709240	NC_027721	Pseudo-nitzschia multiseries
NC_028578	NC_028578,KT625410	NC_028578	Treubaria triappendiculata
NC_028579	NC_028579,KT625411	NC_028579	Mychonastes jurisii
NC_028580	NC_028580,KT625412	KT625412	Oogamochlamys gigantea
NC_028581	NC_028581,KT625413	KT625413	Jenufa perforata
NC_028582	NC_028582,KT625414	KT625414	Jenufa minuta
NC_028583	NC_028583,KT625415	KT625415	Hafniomonas laevis
NC_028584	NC_028584,KT625418	NC_028584	Characiochloris acuminata
NC_028585	NC_028585,KT625420	KT625420	Carteria cerasiformis
NC_028586	NC_028586,KT625421	NC_028586	Bracteacoccus giganteus
NC_028587	NC_028587,KT625422	NC_028587	Phacotus lenticularis
NC_029576	NC_029576,KR020505	NC_029576	Wildemania schizophylla
NC_029669	NC_029669,KT199256	KT199256	Pseudomuriella schumacherensis
NC_029670	NC_029670,KT199248	NC_029670	Neochloris aquatica
NC_029671	NC_029671,KT199249	KT199249	Mychonastes homosphaera
NC_029672	NC_029672,KT199251	NC_029672	Chromochloris zofingiensis
NC_029673	NC_029673,KT199252	KT199252	Chlorotetraedron incus
NC_029674	NC_029674,KT199253	NC_029674	Bracteacoccus minor
NC_029675	NC_029675,KT199254	KT199254	Bracteacoccus aerius
NC_029676	NC_029676,KT199250	KT199250	Kirchneriella aperta
NC_029735	NC_029735,KT199255	KT199255	Ankyra judayi
NC_029807	NC_029807,KU167098	KU167098	Scherffelia dubia
NC_029857	NC_029857,KT266785	KT266785	Sporolithon durum
NC_029858	NC_029858,KT266786	NC_029858	Gelidium elegans
NC_029859	NC_029859,KT266787	NC_029859	Gelidium vagum
NC_029861	NC_029861,KT266789	NC_029861	Pyropia pulchra
NC_030169	NC_030169,KX013545	KX013545	Cymbomonas tetramitiformis
NC_030314	NC_030314,KU646494	NC_030314	Closterium baillyanum
NC_030315	NC_030315,KU646496,NC_024168,KJ461681	NC_030315	Roya obtusa
NC_030338	NC_030338,KU053957	KU053957	Coeloseira compressa
NC_030355	NC_030355,KU646489	NC_030355	Spirogyra maxima
NC_030356	NC_030356,KU646491	NC_030356	Netrium digitus
NC_030359	NC_030359,KU646495	NC_030359	Cylindrocystis brebissonii
NC_031144	NC_031144,KX284709	NC_031144	Rhodymenia pseudopalmata
NC_031146	NC_031146,KX284724	NC_031146	Hildenbrandia rubra
NC_031147	NC_031147,KX284726		Palmaria palmata
NC_031148	NC_031148,KX284717	KX284717	Asparagopsis taxiformis
NC_031161	NC_031161,KX247284	NC_031161	Dasya binghamiae
NC_031167	NC_031167,KX525588	NC_031167	Mastocarpus papillatus
NC_031168	NC_031168,KX284711	KX284711	Schimmelmannia schousboei
NC_031169	NC_031169,KX284712	NC_031169	Schizymenia dubyi
NC_031170	NC_031170,KX284713	NC_031170	Sebdenia flabellata
NC_031172	NC_031172,KX284716	KX284716	Apophlaea sinclairii
NC_031174	NC_031174,KX284719	NC_031174	Ceramium japonicum
NC_031175	NC_031175,KX284720	KX284720	Porphyridium sordidum
NC_031176	NC_031176,KX284721	KX284721	Erythrotrichia carnea
NC_031177	NC_031177,KX284723	NC_031177	Hildenbrandia rivularis
NC_031178	NC_031178,KX284725	NC_031178	Kumanoa americana
NC_031179	NC_031179,KX284727	KX284727	Plocamium cartilagineum
NC_031211	NC_031211,KR025491,KR814486	KR025491	Campylaephora sungminbooi
NC_031367	NC_031367,KX808497	NC_031367	Derbesia sp. WEST4838
NC_031368	NC_031368,KX808498	KX808498	Caulerpa cliftonii
NC_031425	NC_031425,KX619437	KX619437	Toxarium undulatum
NC_032041	NC_032041,KT266849	KT266849	Membranoptera platyphylla
NC_032042	NC_032042,KT946602	NC_032042	Caulerpa racemosa
NC_032043	NC_032043,KT946603	NC_032043	Codium simulans
NC_032045	NC_032045,KU164871,KU164872	KU164872	Pleurocladia lacustris
NC_032109	NC_032109,KX828176	NC_032109	Chlamydomonas leiostraca
NC_032284	NC_032284,KU059765	KU059765	Lambia antarctica
NC_032288	NC_032288,KU255795	KU255795	Coccophora langsdorfii
NC_032396	NC_032396,NC_032399,KJ513670,KP675983	NC_032396	Membranoptera weeksiae
NC_033387	NC_033387,AP017927	NC_033387	Palmophyllum crassum
NC_034654	NC_034654,KY114064	NC_034654	Pediastrum duplex
NC_034655	NC_034655,KY114065	KY114065	Hydrodictyon reticulatum
NC_034709	NC_034709,KY407656	KY407656	Sarcinofilum mucosum
NC_034710	NC_034710,KY407657	NC_034710	Pseudoneochloris marina
NC_034711	NC_034711,NC_034712,KY407658,KY407659	NC_034711	Pseudocharacium americanum
NC_034713	NC_034713,KY407660	NC_034713	Neodangemannia microcystis
NC_034714	NC_034714,KY407661	NC_034714	Hazenia capsulata
NC_034776	NC_034776,KY709208	NC_034776	Boldia erythrosiphon
NC_034787	NC_034787,KY709209	KY709209	Bulboplastis apyrenoidosa
NC_035156	NC_035156,KP939040	KP939040	Euglena archaeoplastidiata
NC_035231	NC_035231,KY033529	NC_035231	Sheathia arcuata
NC_035257	NC_035257,MF101408	NC_035257	Dipterocladia arabiensis
NC_035258	NC_035258,MF101409	NC_035258	Platysiphonia delicata
NC_035259	NC_035259,MF101410	MF101410	Laurenciella marilzae
NC_035260	NC_035260,MF101411	MF101411	Acrosorium ciliolatum
NC_035261	NC_035261,MF101413	MF101413	Periphykon beckeri
NC_035262	NC_035262,MF101415	MF101415	Osmundaria fimbriata
NC_035263	NC_035263,MF101416	MF101416	Caloglossa monosticha
NC_035264	NC_035264,MF101417	MF101417	Bostrychia tenella
NC_035265	NC_035265,MF101418	MF101418	Caloglossa intermedia
NC_035266	NC_035266,MF101419	NC_035266	Bostrychia moritziana
NC_035267	NC_035267,MF101420	MF101420	Symphyocladiella dendroidea
NC_035268	NC_035268,MF101421	MF101421	Bostrychia simpliciuscula
NC_035269	NC_035269,MF101422	MF101422	Caloglossa beccarii
NC_035270	NC_035270,MF101423	NC_035270	Polysiphonia sertularioides
NC_035271	NC_035271,MF101424	MF101424	Rhodomela confervoides
NC_035272	NC_035272,MF101425	MF101425	Leptosiphonia brodiei
NC_035273	NC_035273,MF101426	NC_035273	Vertebrata thuyoides
NC_035274	NC_035274,MF101427	NC_035274	Polysiphonia elongata
NC_035275	NC_035275,MF101428	NC_035275	Polysiphonia stricta
NC_035276	NC_035276,MF101430	NC_035276	Bryothamnion seaforthii
NC_035277	NC_035277,MF101432	MF101432	Polysiphonia infestans
NC_035278	NC_035278,MF101433	MF101433	Vertebrata isogona
NC_035279	NC_035279,MF101434	MF101434	Herposiphonia versicolor
NC_035280	NC_035280,MF101436	NC_035280	Dasya naccarioides
NC_035281	NC_035281,MF101437	NC_035281	Melanothamnus harveyi
NC_035282	NC_035282,MF101438	MF101438	Polysiphonia scopulorum
NC_035283	NC_035283,MF101439	NC_035283	Brongniartella australis
NC_035284	NC_035284,MF101440	NC_035284	Ophidocladus simpliciusculus
NC_035285	NC_035285,MF101441	NC_035285	Spyridia filamentosa
NC_035286	NC_035286,MF101442	NC_035286	Thuretia quercifolia
NC_035287	NC_035287,MF101443	NC_035287	Dasyclonium flaccidum
NC_035288	NC_035288,MF101444	NC_035288	Dipterosiphonia australica
NC_035289	NC_035289,MF101445	MF101445	Sonderella linearis
NC_035291	NC_035291,MF101447	NC_035291	Thaumatella adunca
NC_035292	NC_035292,MF101448	MF101448	Lophocladia kuetzingii
NC_035293	NC_035293,MF101449	MF101449	Kuetzingia canaliculata
NC_035294	NC_035294,MF101450	NC_035294	Cliftonaea pectinata
NC_035295	NC_035295,MF101452	NC_035295	Taenioma perpusillum
NC_035296	NC_035296,MF101454	MF101454	Kapraunia schneideri
NC_035297	NC_035297,MF101455	MF101455	Dictyomenia sonderi
NC_035298	NC_035298,MF101465	MF101465	Digenea simplex
NC_035299	NC_035299,MF101467	MF101467	Tolypiocladia glomerulata
NC_035350	NC_035350,KY083067	NC_035350	Compsopogon caeruleus
NC_035573	NC_035573,MF385003	NC_035573	Porphyra umbilicalis
NC_035720	NC_035720,KY856939	NC_035720	Cryptomonas curvata
NC_035721	NC_035721,KY860574,KY856941	KY856941	Chroomonas placoidea
NC_036668	NC_036668,KU847995	NC_036668	Pectinodesmus pectinatus
NC_036805	NC_036805,KY629616	NC_036805	Chlorella heliozoae
NC_036806	NC_036806,KY629620	NC_036806	Micractinium conductrix
NC_036937	NC_036937,MG520331,KJ201907	KJ201907	Chrysochromulina tobinii
NC_037363	NC_037363,KY819063	KY819063	Bryopsis sp. HV04063
NC_037364	NC_037364,KY819064	NC_037364	Chlorodesmis fastigiata
NC_037365	NC_037365,KY819065	KY819065	Rhipilia penicilloides
NC_037366	NC_037366,KY819066	KY819066	Codium arenicola
NC_037450	NC_037450,MF197535		Prototheca ciferrii
NC_037480	NC_037480,AP018373		Prototheca cutis
NC_037918	NC_037918,MF276976	MF276976	Lacunastrum gracillimum
NC_037919	NC_037919,MF276977,MF276980	MF276977	Pediastrum angulosum
NC_037920	NC_037920,MF276982,MF276983	MF276982	Pseudopediastrum boryanum
NC_037921	NC_037921,MF276984	MF276984	Pseudopediastrum integrum
NC_037922	NC_037922,MF276985	MF276985	Pseudopediastrum sp. CL0201VA
NC_037923	NC_037923,MF276986	MF276986	Stauridium tetras
NC_037995	NC_037995,MG755792	MG755792	Plagiogramma staurophorum
NC_037996	NC_037996,MG755793	NC_037996	Rhizosolenia setigera
NC_037997	NC_037997,MG755794	NC_037997	Plagiogrammopsis vanheurckii
NC_037998	NC_037998,MG755796	NC_037998	Guinardia striata
NC_037999	NC_037999,MG755798	MG755798	Attheya longicornis
NC_038000	NC_038000,MG755799	NC_038000	Actinocyclus subtilis
NC_038001	NC_038001,MG755800	MG755800	Entomoneis sp.
NC_038002	NC_038002,MG755801	MG755801	Pseudictyota dubia
NC_038003	NC_038003,MG755802	NC_038003	Rhizosolenia fallax
NC_038004	NC_038004,MG755803	NC_038004	Psammoneis obaidii
NC_038006	NC_038006,MG755805	NC_038006	Biddulphia biddulphiana
NC_038007	NC_038007,MG755806	MG755806	Biddulphia tridens
NC_038008	NC_038008,MG755807		Astrosyne radiata
NC_038009	NC_038009,MG755808	NC_038009	Acanthoceras zachariasii
NC_038051	NC_038051,KY018922,NC_033877,KX601051	KY018922	Gracilaria changii
NC_038144	NC_038144,KY212106	KY212106	Porolithon onkodes
NC_038187	NC_038187,MF630936	MF630936	Euglena clara
NC_038215	NC_038215,MG601102	MG601102	Cyanophora sudae
NC_038216	NC_038216,MG601103	MG601103	Cyanophora biloba
NC_038231	NC_038231,MF460360	MF460360	Endarachne binghamiae
NC_039141	NC_039141,MH396011	MH396011	Gracilaria gracilis
NC_039144	NC_039144,MH396015,NC_038100,MF372957	NC_038100	Gracilariopsis heteroclada
NC_039145	NC_039145,MH396016	MH396016	Melanthalia intermedia
NC_039156	NC_039156,MF622086	MF622086	Euglena hiemalis
NC_039520	NC_039520,MH591103	NC_039520	Boodleopsis pusilla
NC_039521	NC_039521,MH591104	MH591104	Boodleopsis sp. H.0758
NC_039522	NC_039522,MH591105	MH591105	Callipsygma wilsonis
NC_039523	NC_039523,MH591106	NC_039523	Caulerpa verticillata
NC_039524	NC_039524,MH591107	NC_039524	Codium arabicum
NC_039525	NC_039525,MH591109	MH591109	Pseudocodium devriesii
NC_039526	NC_039526,MH591110	MH591110	Rhipiliopsis peltata
NC_039527	NC_039527,MH591111	NC_039527	Udotea argentea
NC_039528	NC_039528,MH591112	NC_039528	Udotea flabellum
NC_039737	NC_039737,MG976688,KY124271,KX897545	NC_039737	Paulinella micropora
NC_039754	NC_039754,MH285950	MH285950	Yamagishiella unicocca
NC_039755	NC_039755,MH285951	NC_039755	Volvox africanus
NC_039766	NC_039766,MH591108	MH591108	Pedobesia claviformis
NC_039920	NC_039920,MH790906,MG727869	MG727869	Capsosiphon fulvescens
NC_039927	NC_039927,MH898673	MH898673	Phacus pleuronectes
NC_039928	NC_039928,MH898674	NC_039928	Lepocinclis ovum
NC_039967	NC_039967,MH898667	MH898667	Phacus inflexus
NC_039968	NC_039968,MH898668	MH898668	Lepocinclis tripteris
NC_039969	NC_039969,MH898670	MH898670	Discoplastis spathirhyncha
NC_039970	NC_039970,MH898671	MH898671	Lepocinclis playfairiana
NC_039971	NC_039971,MH898672	MH898672	Lepocinclis steinii
NC_039977	NC_039977,MH281626	MH281626	Synarthrophyton chejuense
NC_039978	NC_039978,MH281628	NC_039978	Neogoniolithon spectabile
NC_040134	NC_040134,MH795130	MH795130	Synura uvella
NC_040135	NC_040135,MH795131	NC_040135	Mallomonas splendens
NC_040152	NC_040152,MF167425	NC_040152	Glaucocystis incrassata
NC_040153	NC_040153,MF167426	MF167426	Gloeochaete wittrockiana
NC_040294	NC_040294,MK281452	NC_040294	Characiopsis acuta
NC_040295	NC_040295,MK281453,NC_026851,KJ624065	MK281453	Eustigmatophyceae sp. Bat 8/9-7w
NC_040296	NC_040296,MK281454	NC_040296	Eustigmatophyceae sp. Chic 10/23 P-6w
NC_040297	NC_040297,MK281455	NC_040297	Eustigmatophyceae sp. Mont 10/10-1w
NC_040298	NC_040298,MK281456	NC_040298	Eustigmatophyceae sp. Ndem 8/9T-3m6.8
NC_040299	NC_040299,MK281457	MK281457	Pseudellipsoidion edaphicum
NC_041173	NC_041173,NC_041174,NC_041175,MG922858,MG922861,MG922862,NC_040156,NC_040158,MG922860,MG922864	MG922861	Gelidium galapagense
NC_042170	NC_042170,MH026107	NC_042170	Acrochaetium secundatum
NC_042171	NC_042171,MH026108	MH026108	Balbiania investiens
NC_042181	NC_042181,MF423120	MF423120	Coelastrella saipanensis
NC_042182	NC_042182,MG778173	MG778173	Chlorococcum tatrense
NC_042241	NC_042241,MG786420	MG786420	Parallela transversalis
NC_042251	NC_042251,MG778500	NC_042251	Spermatozopsis similis
NC_042483	NC_042483,MK085986	NC_042483	Chloropicon sieburthii
NC_042484	NC_042484,MK085987	NC_042484	Chloropicon laureae
NC_042486	NC_042486,MK085991,MK085992	MK085992	Chloropicon roscoffensis
NC_042487	NC_042487,MK085993	MK085993	Chloroparvula japonica
NC_042488	NC_042488,MK085994	NC_042488	Chloropicon maureeniae
NC_042489	NC_042489,MK085995	MK085995	Chloroparvula pacifica
NC_042794	NC_042794,MH853471	MH853471	Pleurostichidium falkenbergii
NC_043776	NC_043776,MK580484		Trentepohlia odorata
NC_043890	NC_043890,MK561360	NC_043890	Rhizochromulina marina
NC_043929	NC_043929,MK561359	NC_043929	Dictyocha speculum
NC_044407	NC_044407,MK518352	NC_044407	Florenciella parvula
NC_044408	NC_044408,MK518353	MK518353	Pseudopedinella elastica
NC_044463	NC_044463,NC_044464,MK045450,MK045451	NC_044463	Halamphora americana
NC_044465	NC_044465,MK045452	NC_044465	Halamphora coffeaeformis
NC_044491	NC_044491,MH681881	MH681881	Haslea nusantara
NC_044704	NC_044704,MN056173	MN056173	Microrhizoidea pickettheapsiorum
NC_044758	NC_044758,MF591718	MF591718	Hapterophycus canaliculatus
NC_044785	NC_044785,MN065498		Nitzschia alba
NC_045059	NC_045059,MF197536		Prototheca bovis
NC_045244	NC_045244,MK217824	NC_045244	Fragilariopsis cylindrus
NC_045893	NC_045893,MH511734	NC_045893	Colemanosphaera angeleri
NC_045914	NC_045914,MH745228	MH745228	Caulerpa ashmeadii
NC_046005	NC_046005,MG739403	NC_046005	Cladosiphon okamuranus
NC_046042	NC_046042,MN053319	MN053319	Gracilaria spinulosa
NC_046043	NC_046043,MN053320	MN053320	Gracilaria textorii
NC_046495	NC_046495,MN967052,AB807662	NC_046495	Palmaria decipiens
NC_046751	NC_046751,MK783267	NC_046751	Halymenia maculata
NC_047430	NC_047430,MN701586	NC_047430	Uronema confervicola
NC_047431	NC_047431,MN701587	MN701587	Chaetophoropsis polyrhiza
NC_047434	NC_047434,MT193838	NC_047434	Caulacanthus okamurae
NC_047440	NC_047440,MN701585	MN701585	Aphanochaete elegans
NC_047441	NC_047441,MN659373	NC_047441	Aphanochaete confervicola
NC_049013	NC_049013,MT364382,NC_020371,KC573041	NC_020371	Diacronema lutheri
NC_049168	NC_049168,MT304829,NC_040291,MF795089	MF795089	Tisochrysis lutea
NC_051457	NC_051457,MH898941	NC_051457	Osmundea sinicola
NC_053611	NC_053611,NC_053612,MT179348,MT179349,LC507117,MN853875	MN853875	Ulva pertusa
NC_053868	NC_053868,MT226925	NC_053868	Schizocladia ischiensis
NC_056103	NC_056103,MT909785		Pteridomonas danica
NC_056787	NC_056787,MT383638	MT383638	Nitzschia supralitorea
NC_056790	NC_056790,MT383641,NC_015403,AP011960	NC_015403	Fistulifera solaris
NC_056791	NC_056791,MT383642	MT383642	Tryblionella apiculata
NC_056794	NC_056794,MT383645	MT383645	Navicula veneta
NC_056910	NC_056910,MW175522	NC_056910	Poterioochromonas malhamensis
NC_057170	NC_057170,MT859097	NC_057170	Olisthodiscus luteus
NC_057222	NC_057222,MW292565	MW292565	Cumathamnion serrulatum
NC_057618	NC_057618,MW309501	MW309501	Chondria tumulosa
NC_057645	NC_057645,MW412838	NC_057645	Eucampia zodiacus
NC_058651	NC_058651,NC_058660,MZ336044,MZ336056	NC_058660	Gracilaria domingensis
NC_058652	NC_058652,NC_058658,NC_058659,NC_058669,MZ336045,MZ336053,MZ336054,MZ336055,MZ336072	NC_058669	Crassiphycus usneoides
NC_058653	NC_058653,MZ336046	NC_058653	Gracilaria bursa-pastoris
NC_058654	NC_058654,MZ336047,NC_039139,MH396009	NC_058654	Gracilaria caudata
NC_058655	NC_058655,MZ336048	MZ336048	Gracilaria cearensis
NC_058656	NC_058656,MZ336049,MZ336058,NC_039140,MH396010	NC_058656	Gracilaria cervicornis
NC_058657	NC_058657,MZ336052	NC_058657	Gracilaria cliftonii
NC_058661	NC_058661,NC_058664,MZ336059,MZ336062	MZ336059	Gracilaria flabelliformis
NC_058662	NC_058662,NC_058665,NC_058667,MZ336060,MZ336063,MZ336068,MZ336069,MZ336070	MZ336060	Gracilaria isabellana
NC_058663	NC_058663,MZ336061		Gracilaria multipartita
NC_058666	NC_058666,MZ336064,MZ336065	MZ336064	Gracilaria pacifica
NC_058668	NC_058668,MZ336071	NC_058668	Gracilaria urvilleii
NC_058670	NC_058670,MZ336074,MZ336075,NC_039143,MH396014	MZ336075	Gracilariopsis tenuifrons
NC_058737	NC_058737,MZ393452,MZ393453,MZ393454,MZ393455,NC_031145,KX284715	KX284715	Ahnfeltia plicata
NC_058751	NC_058751		Chorda filum
NC_058752	NC_058752,MN853881,NC_036804,KY433579	KY433579	Dictyopteris divaricata
NC_058780	NC_058780,NC_058781,MW715816,MW722940	MW722940	Pseudo-nitzschia micropora
NC_058782	NC_058782,MW722941	NC_058782	Pseudo-nitzschia americana
NC_058783	NC_058783,MW722942	MW722942	Pseudo-nitzschia pungens
NC_058784	NC_058784,MW722943	MW722943	Pseudo-nitzschia multistriata
NC_058785	NC_058785,MW722944	MW722944	Pseudo-nitzschia cuspidata
NC_058875	NC_058875,MW592696	NC_058875	Thalassiosira profunda
NC_058876	NC_058876,MW592697	NC_058876	Thalassiosira rotula
NC_058877	NC_058877,MW592698	MW592698	Thalassiosira nordenskioeldii
NC_058878	NC_058878,MW592699	NC_058878	Thalassiosira tenera
NC_059722	NC_059722,MW077730	MW077730	Nephroselmis pyriformis
NC_059929	NC_059929,MW561224	NC_059929	Coscinodiscus wailesii
NC_060531	NC_060531,MW822747		Cephaleuros virescens
NC_060532	NC_060532,MW822748		Trentepohlia sp. BN17
NC_060533	NC_060533,MZ334627		Cephaleuros parasiticus
NC_060534	NC_060534,MZ334628		Cephaleuros karstenii
NC_060857	NC_060857,OK574455,OK637332,OK637334	OK637332	Thalassionema bacillare
NC_060858	NC_060858,OK574456,OK637333,OK637335	OK637333	Thalassionema frauenfeldii
NC_060859	NC_060859,OK574457	OK574457	Thalassionema nitzschioides
NC_061046	NC_061046,OK505007	NC_061046	Nitzschia ovalis
NC_061047	NC_061047,OK505008	NC_061047	Nitzschia traheaformis
NC_061048	NC_061048,OK505011	OK505011	Psammodictyon constrictum
NC_061049	NC_061049,OK505012	OK505012	Bacillaria paxillifer
NC_061768	NC_061768,MW485980,MG922855,NC_016735	MG922855	Fucus spiralis
NC_062300	NC_062300,MZ853149	MZ853149	Porphyridium aerugineum
NC_062301	NC_062301,MZ853150	NC_062301	Rhodella violacea
NC_062379	NC_062379,MZ680365	MZ680365	Chroothece richteriana
NC_062380	NC_062380,MZ680366,MW675661	MW675661	Tsunamia transpacifica
NC_062381	NC_062381,MZ603803	MZ603803	Chroodactylon ornatum
NC_062382	NC_062382,MZ603804	MZ603804	Goniotrichopsis reniformis
NC_062383	NC_062383,MZ603805	NC_062383	Rhodospora sordida
NC_062384	NC_062384,MZ603806	NC_062384	Stylonema alsidii
NC_062385	NC_062385,MZ681963,MW675671,MW675672	MW675671,MW675672	Madagascaria erythrocladioides
NC_062386	NC_062386,MZ681964,MW675664	NC_062386	Pseudoerythrocladia kornmannii
NC_062387	NC_062387,MZ681965	NC_062387	Pulvinaster venetus
NC_062388	NC_062388,MZ681966	MZ681966	Dixoniella grisea
NC_062389	NC_062389,MZ681967	MZ681967	Sahlingia subintegra
NC_062390	NC_062390,MZ748306	MZ748306	Timspurckia oligopyrenoides
NC_062391	NC_062391,MZ853148	NC_062391	Erythrolobus coxiae
NC_062392	NC_062392,MZ569052	MZ569052	Bangia atropurpurea
NC_062393	NC_062393,MZ603618	NC_062393	Rhodaphanes brevistipitata
NC_062394	NC_062394,MZ895126	MZ895126	Glaucosphaera vacuolata
NC_063631	NC_063631,MT896718	MT896718	Chaetoceros gelidus
NC_063632	NC_063632,MT896719	MT896719	Pterothamnion plumula
NC_063633	NC_063633,MT896720	NC_063633	Cosmarium blyttii
NC_063634	NC_063634,MT896722,NC_030357,KU646492	NC_063634	Cosmarium ochthodes
NC_063675	NC_063675,OM479425	OM479425	Leontynka pallida
NC_065317	NC_065317,ON228255	NC_065317	Gonyostomum semen
NC_065318	NC_065318,ON228256	NC_065318	Merotricha bacillata
NC_065319	NC_065319,ON228257	NC_065319	Vacuolaria virescens
NC_065320	NC_065320,ON228258	ON228258	Chattonella marina
NC_065321	NC_065321,ON228259	ON228259	Haramonas pauciplastida
NC_065322	NC_065322,ON228260	NC_065322	Fibrocapsa japonica
NC_065377	NC_065377,ON584177	NC_065377	Halimeda opuntia
NC_065388	NC_065388,ON645924	ON645924	Nitzschia dubiiformis
NC_065389	NC_065389,ON645925	ON645925	Symbiochloris sp. SG-2018
NC_065488	NC_065488,MZ504745,MK212028,NC_040300,MK281458,KX839261	NC_065488	Vischeria punctata
NC_065695	NC_065695,ON645926	ON645926	Tetraselmis marina
NC_066049	NC_066049,OM471840	OM471840	Synarthrophyton patena
NC_066075	NC_066075,OL415005	NC_066075	Navicula arenaria
NC_066077	NC_066077,OL415008	OL415008	Pleurosigma intermedium
NC_066178	NC_066178,ON929294	ON929294	Chlorobotrys sp.
NC_066179	NC_066179,ON929295	NC_066179	Eustigmatophyceae sp. WTwin 8/9 T-6m6.8
NC_066180	NC_066180,ON929296	ON929296	Neustupella aerophytica
NC_066181	NC_066181,ON938208	NC_066181	Lietzensia polymorpha
NC_066452	NC_066452,MZ682024	MZ682024	Hypnea cervicornis
NC_066457	NC_066457,NC_066458,NC_066459,NC_066050,ON675439,ON675440,ON675441,ON675442,ON675443,ON660588,NC_064730,NC_064732,NC_064337,MW485981,MW485983,ON146599,OK323194,MW767830,MW784163,MW784164,MW784165,MW784166,MW784167,MW784168,MW784169,MT873582,MT795188,MT795189,MT800998,NC_048511,MN265366,MN794016,MN121852,MG459429,NC_029856,KP881334,NC_029134,KU500638	NC_066457	Sargassum fulvellum
NC_066651	NC_066651,OP124049	NC_066651	Desmodesmus abundans
NC_066823	NC_066823,OL839336	OL839336	Gormaniella terricola
NC_066970	NC_066970,OK139149	OK139149	Caulerpa taxifolia
NC_066971	NC_066971,OK139150,AP018129,MN853877,NC_037841,MG598531,NC_021618,KC894740	NC_021618	Phyllymenia taiwanensis
NC_066976	NC_066976,OK136184	OK136184	Eutreptiella eupharyngea
NC_067041	NC_067041,OK500205	NC_067041	Tetraselmis suecica
NC_067581	NC_067581,OK729589	OK729589	Haslea pseudostrearia
NC_067582	NC_067582,NC_067583,OK729590,OK729591,OK729592,OK729593,MW561351	OK729593	Haslea karadagensis
NC_067951	NC_067951,OL855989	NC_067951	Helicotheca tamesis
NC_067952	NC_067952,OL855990	OL855990	Ditylum brightwellii
NC_067953	NC_067953,OL855991	OL855991	Lithodesmioides polymorpha
NC_067954	NC_067954,OL855992	NC_067954	Hemiaulus sinensis
NC_067955	NC_067955,OL855993,NC_001713	NC_001713	Trieres chinensis
NC_067956	NC_067956,OL855995	OL855995	Minidiscus spinulatus
NC_067957	NC_067957,OL855996	NC_067957	Tenuicylindrus belgicus
NC_068582	NC_068582,ON619891	ON619891	Coelastrum microporum
NC_068622	NC_068622,OP597708	NC_068622	Chlorogonium euchlorum
NC_068623	NC_068623,OP298011	OP298011	Chlamydomonas chlamydogama
NC_068624	NC_068624,OP392028	NC_068624	Hyalomonas oviformis
NC_069042	NC_069042,ON243964	NC_069042	Cryptomonas pyrenoidifera
NC_069043	NC_069043,ON243965	NC_069043	Edaphochlamys debaryana
NC_069609	NC_069609,OM827249	NC_069609	Stephanopyxis turris
NC_069610	NC_069610,OM827250	OM827250	Paralia sulcata
NC_069611	NC_069611,OM827252	OM827252	Guinardia delicatula
NC_069636	NC_069636,ON437585	ON437585	Chrysotila carterae
NC_070142	NC_070142,OP748263	OP748263	Rhodomelopsis africana
NC_070143	NC_070143,OP748264	OP748264	Deltalsia parasitica
NC_070144	NC_070144,OP748265	NC_070144	Pterosiphonia complanata
NC_070145	NC_070145,OP748266	NC_070145	Amplisiphonia pacifica
NC_070146	NC_070146,OP748267	NC_070146	Xiphosiphonia pinnulata
NC_070147	NC_070147,OP748268	OP748268	Tayloriella tenebrosa
NC_070148	NC_070148,OP748269	OP748269	Symphyocladia marchantioides
NC_071859	NC_071859,OP179277	NC_071859	Colacium mucronatum
NC_071860	NC_071860,OP179278	OP179278	Euglena agilis
NC_071861	NC_071861,OP179279	OP179279	Euglena deses
NC_071862	NC_071862,OP179280	OP179280	Euglena undulata
NC_071863	NC_071863,OP179281	OP179281	Flexiglena variabilis
NC_071864	NC_071864,OP179282	NC_071864	Phacus arnoldii
NC_071865	NC_071865,OP179283	OP179283	Strombomonas costata
NC_071969	NC_071969,OP448647	OP448647	Micractinium simplicissimum
NC_072236	NC_072236,OP616815,OP616816,MZ681961	OP616815	Galdieria sulphuraria
NC_072617	NC_072617,OM179747	OM179747	Hypnea spinella
NC_072659	NC_072659,OQ417768	OQ417768	Phymatolithon calcareum
NC_072660	NC_072660,OQ417769	NC_072660	Lithothamnion corallioides
NC_072900	NC_072900,ON986218	ON986218	Phyllosiphon coccidium
NC_072901	NC_072901,ON986220	ON986220	Kalinella pachyderma
NC_072902	NC_072902,ON986221	ON986221	Massjukichlorella minus
NC_072903	NC_072903,ON986222	NC_072903	Calidiella yingdensis
NC_072904	NC_072904,ON986223	ON986223	Watanabea sichuanensis
NC_072905	NC_072905,ON986224	ON986224	Polulichloris maxima
NC_072923	NC_072923,NC_072924,OQ159090,OQ159091	NC_072923	Gayralia brasiliensis
NC_072969	NC_072969,ON892539	ON892539	Phaeocystis rex
NC_077586	NC_077586,OQ612619	NC_077586	Cryptomonas gyropyrenoidosa
NC_077591	NC_077591,OP985133,NC_067776,OL684341,MN853879,MW699788,KP720616	OP985133	Ulva meridionalis
NC_079641	NC_079641,OQ731396	OQ731396	Lophurella caespitosa
NC_079642	NC_079642,NC_079643,OQ731397,OQ731398	OQ731398	Lophurella mutabilis
NC_079644	NC_079644,OQ731400	OQ731400	Aphanocladia stichidiosa
NC_079645	NC_079645,OQ731401,NC_035290,MF101446	NC_079645	Aphanocladia delicatula
NC_079646	NC_079646,OQ731402	OQ731402	Echinothamnion hookeri
NC_079647	NC_079647,OQ731403	NC_079647	Echinothamnion hystrix
NC_079843	NC_079843,OQ731916	OQ731916	Campylaephora boydenii
NC_081592	NC_081592,OL964140	NC_081592	Hypnea nidifica
NC_081593	NC_081593,OL964141	NC_081593	Hypnea nidulans
NC_081594	NC_081594,OL964143	OL964143	Hypnea flava
NC_081595	NC_081595,NC_081599,OL964144,OL964146,OL964152,OL964153,OL964154	OL964144	Hypnea pseudomusciformis
NC_081596	NC_081596,NC_081597,OL964147,OL964148	NC_081596	Hypnea cornuta
NC_081598	NC_081598,OL964151	OL964151	Hypnea wynnei
NC_081600	NC_081600,OL964155	NC_081600	Caulacanthus ustulatus
NC_081601	NC_081601,OL964156	NC_081601	Catenella fusiformis
NC_081925	NC_081925,OR094252	OR094252	Colpomenia sinuosa
NC_081973	NC_081973,OR128541	OR128541	Neoporphyra seriata
NC_082037	NC_082037,OR148361	OR148361	Ochrosphaera neapolitana
NC_082067	NC_082067,OR168091	OR168091	Hormidiella parvula
NC_082068	NC_082068,OR168092,OR168093,OR168094	OR168094	Interfilum sp. SAG 2147
NC_082069	NC_082069,NC_082072,OR168095,OR168102	OR168095	Klebsormidium crenulatum
NC_082070	NC_082070,OR168096,OR168097,OR168107,OR168108	OR168107	Klebsormidium sp. SEV1-VF17pt
NC_082071	NC_082071,OR168098	NC_082071	Klebsormidium elegans
NC_082073	NC_082073,OR168100,OR168103,OR168104,OR168105,OR168106	OR168106	Klebsormidium nitens
NC_082074	NC_082074,OR168111	OR168111	Klebsormidium subtilissimum
NC_082075	NC_082075,OR168114,KX306884	OR168114	Nitella hyalina
NC_082076	NC_082076,OR168115,OR168116,OR168117	NC_082076	Streptofilum capillatum
NC_082175	NC_082175,OR228415		Palisada intermedia
NC_082194	NC_082194,OQ161668,OQ161669,OQ161671	OQ161668	Meringosphaera mediterranea
NC_082433	NC_082433,OQ694380	OQ694380	Ulnaria ulna
NC_082854	NC_082854,OQ908871	OQ908871	Laurencia catarinensis
NC_082855	NC_082855,OQ908872	NC_082855	Corynecladia elata
NC_082856	NC_082856,OQ908870,OQ908873	NC_082856	Laurencia obtusa
NC_082858	NC_082858,OR382008	OR382008	Gloiopeltis furcata
NC_084208	NC_084208,OR597590,KP714733	KP714733	Bangia fuscopurpurea
NC_084248	NC_084248,OR635816	OR635816	Grateloupia asiatica
NC_084249	NC_084249,OR635817	OR635817	Polyopes affinis
NC_084250	NC_084250,OR635818	OR635818	Pachymeniopsis lanceolata
NC_084269	NC_084269,OR398345	NC_084269	Hydrocytium acuminatum
NC_084366	NC_084366,NC_085307,ON552970,OR663914,NC_057231,NC_056288,MZ156034,MZ156035,MT732096,MN561187,NC_044689,NC_044690,MH784527,MH784528,NC_044182,MK965908	NC_044689	Laminaria digitata
NC_085234	NC_085234,NC_085309,ON552972,ON527003,OP121027,OP121028,OP121029,OP121030,OP121031,OP121032,OP121033,OP121034,OP121035,OP121036,OP121037,OP121038,OP121039,OP121040,OP121041,OP121042,OP121043,OP121044,OP121045,OP121046,OP121047,OP121048,OP121049,OP121050,OP121051,OP121052,OP121053,OP121054,OP121055,OP121056,OP121057,OP121058,OP121059,OP121060,OP121061,OP121062,OP121063,OP121064,OP121065,OP121066,OP121067,OP121068,OP121069,OP121070,OP121071,OP121072,OP121073,OP121074,OP121075,OP121076,OP121077,OP121078,OP121079,OP121080,OP121081,OP121082,OP121083,OP121084,OP121085,OP121086,OP121087,OP121088,OP121089,OK139151,OK139152,OK139153,OK149043,OK149044,OK149045,OK149046,OK149047,OK149048,OK149049,OK149050,OK149051,OK149052,OK149053,OK149054,OK149055,OK149056,OK149057,OK149058,OK149059,OK149060,OK149063,OK149064,OK149065,OK149066,OK149067,OK149068,OK149069,OK149070,OK149071,OK149072,OK149073,OK149074,OK149075,OK149076,OK149077,OK149078,OK149079,OK149080,OK149081,OK149082,OK149083,OK149084,OK149085,OK149086,OK149087,OK149088,OK149089,OK149090,OK149091,OK149092,OK149093,OK149094,OK149095,OK149096,OK149097,OK149098,OK149099,OK149100,OK149101,NC_058768,NC_058769,NC_058770,NC_058771,NC_058772,MZ504642,MZ504643,MZ504644,MZ504645,MZ504646,MZ504647,MZ504648,MZ504649,MZ504650,MZ504651,MZ504652,MZ504653,MZ504654,MZ504655,MZ504656,MZ504657,MZ504658,MZ504659,MZ504660,MZ504661,MZ156029,MZ156033,MZ156044,MT767060,MT767062,KU200463,NC_028503,KP298002	NC_058769	Alaria marginata
NC_085293	NC_085293,NC_085299,NC_085301,NC_085306,ON552953,ON552958,ON552960,ON552962,ON552968,MZ706293,MZ156036,MZ156042,NC_028502,KR336545	NC_085301	Dictyoneurum californicum
NC_085294	NC_085294,ON552954	NC_085294	Analipus japonicus
NC_085295	NC_085295,ON552955	ON552955	Aureophycus aleuticus
NC_085296	NC_085296,ON552956,MZ156037	ON552956	Chorda asiatica
NC_085297	NC_085297,ON552957	NC_085297	Choristocarpus tenellus
NC_085298	NC_085298,ON552959	NC_085298	Cutleria multifida
NC_085300	NC_085300,ON552961,MZ156041	NC_085300	Desmarestia aculeata
NC_085302	NC_085302,ON552963	ON552963	Dictyotopsis propagulifera
NC_085305	NC_085305,ON552967	ON552967	Halosiphon tomentosus
NC_085308	NC_085308,ON552971	ON552971	Phaeostrophion irregulare
NC_085310	NC_085310,ON552974	ON552974	Scytothamnus australis
NC_085311	NC_085311,ON552975	NC_085311	Sporochnus bolleanus
NC_085312	NC_085312,ON552976	NC_085312	Syringoderma abyssicola
NC_086652	NC_086652,OR757060	NC_086652	Ascoseira mirabilis
NC_086653	NC_086653,OR757061	NC_086653	Papenfussiella kuromo
NC_086752	NC_086752,OR502664,OR502665	NC_086752	Tetradesmus reginae
NC_086753	NC_086753,OR502666	NC_086753	Tetradesmus distendus
NC_086754	NC_086754,OR502668	OR502668	Tetradesmus dimorphus
NC_086755	NC_086755,NC_086756,OR502669,OR502670	OR502669	Tetradesmus bajacalifornicus
NC_086797	NC_086797,NC_086808,OQ349516,OR003918,MN389525,MW531676,MW543061,NC_053613,NC_053614,NC_053615,MT179350,MT179352,NC_042255,MH730972,AP018696,NC_029040,KT882614	NC_053613	Ulva gigantea
NC_086863	NC_086863,OQ848500		Cephaleuros lagerheimii
NC_086864	NC_086864,OQ848501		Cephaleuros diffusus
NC_086871	NC_086871,OR361335	OR361335	Anunuuluaehu liula
NC_086886	NC_086886,OR699085	NC_086886	Cocconeiopsis kantsiensis
NC_086904	NC_086904,PP291728,NC_037479,AP018372		Prototheca blaschkeae
NC_086905	NC_086905,PP291729		Prototheca cerasi
NC_086906	NC_086906,PP291730		Prototheca cookei
NC_086907	NC_086907,PP291731		Prototheca fontanea
NC_086908	NC_086908,PP291732		Prototheca lentecrescens
NC_086909	NC_086909,PP291733		Prototheca miyajii
NC_086910	NC_086910,PP291734		Prototheca moriformis
NC_086911	NC_086911,PP291735		Prototheca paracutis
NC_086912	NC_086912,PP291736		Prototheca pringsheimii
NC_086913	NC_086913,PP291737		Prototheca tumulicola
NC_086914	NC_086914,PP291738		Prototheca vistulensis
NC_087870	NC_087870,PP471197,NC_085303,NC_085304,ON552964,ON552965,ON552966,OR228416,OR228417,OR228418,NC_079820,ON117328,ON117329,ON117330,ON117331,ON117332,OP895676,NC_070408,OK216140,OP866272,MK058524,MK058525,MK058526,MZ156038,MZ156040,MZ156043,MW038824,NC_018523,JQ405663	NC_070408	Ecklonia radiata
OK136183	OK136183	OK136183	Eutreptia sp. CCAC 1914B
OK136185	OK136185	OK136185	Eutreptiella sp. CCMP389
OK136186	OK136186	OK136186	Eutreptiella sp. CCMP1594
OK189523	OK189523,OK189524,OK189525,OK189526,KY509314	OK189524	Ostreobium quekettii
OK189527	OK189527	OK189527	Ostreobium quekettii
OK189528	OK189528	OK189528	Ostreobium quekettii
OK189529	OK189529	OK189529	Ostreobium quekettii
OK189530	OK189530,OK189531	OK189531	Ostreobium quekettii
OK505009	OK505009	OK505009	Cylindrotheca closterium
OK505010	OK505010	OK505010	Cylindrotheca closterium
OK569791	OK569791	OK569791	Chlorella desiccata (nom. nud.)
OK729588	OK729588,NC_066076,OL415006,OL415007	NC_066076	Navicula tsukamotoi
OL855988	OL855988,NC_024085,KC509525	NC_024085	Lithodesmium undulatum
OL855994	OL855994	OL855994	Odontella aurita
OL964142	OL964142,NC_072618,OM179751	OM179751	Hypnea edeniana
OL964145	OL964145,NC_072616,OM179746	NC_072616	Hypnea brasiliensis
OL964149	OL964149	OL964149	Calliblepharis sp.
OL964150	OL964150	OL964150	Hypnea sp.
OM084809	OM084809	OM084809	Cystoclonium purpureum
OM494341	OM494341	OM494341	Entomoneis sp.
OM827248	OM827248	OM827248	Actinocyclus sp. (in: diatoms)
OM827251	OM827251	OM827251	Guinardia striata
ON390793	ON390793	ON390793	Amicula sp. isolate GU52X-4 cfCalB7
ON406422	ON406422,NC_008097,DQ229107	ON406422	Chara vulgaris
ON552969	ON552969,NC_058314,MW762687	ON552969	Ishige okamurae
ON552973	ON552973,NC_057081,MW415415,MK798154,NC_046447,MK107984,MK107985	NC_057081	Scytosiphon lomentaria
ON553957	ON553957	ON553957	Griffithsia monilis
ON720942	ON720942	ON720942	Saxifraga limprichtii
ON844102	ON844102,ON844103,ON844104,ON844105,NC_063782,NC_063783,NC_063784,NC_063785,OL322706,OL322707,OL691556,OL703590,OL703591,OL703592,OL703593,OL703594,OL703595,OL703596,OL703597,OL703598,OL703599,OL703600,OL703601,OL703602,OL703603,OL703604,OL703605,OL703606,OL703607,OL703608,OL703609,OL703610,OL703611,JN022705,NC_007288,AY741371	ON844102	Emiliania huxleyi
ON986219	ON986219	ON986219	Chloroidium sp. KL-2023a
OP122566	OP122566,HF562234,NC_020795	NC_020795	Chondrus crispus
OP122567	OP122567	OP122567	Phacelocarpus tortuosus
OP142701	OP142701,OP171936,OP171937	OP171936	Gigartina radula
OP171935	OP171935	OP171935	Mazzaella leptorhynchos
OP448669	OP448669	OP448669	Chlorococcum sp. KSF0227
OP597710	OP597710	OP597710	Chlorogonium euchlorum
OP612670	OP612670	OP612670	Gloiopeltis furcata
OP616811	OP616811	OP616811	Sciadococcus taiwanensis
OP616812	OP616812	OP616812	Gronococcus sybilensis
OP616813	OP616813,OP616814	OP616814	Galdieria yellowstonensis
OP616817	OP616817	OP616817	Cyanidium sp. THAL103
OP616818	OP616818,AF022186,NC_001840	NC_001840	Cyanidium caldarium
OP616819	OP616819,MZ681959,MZ681960,NC_051883,MN431657	NC_051883	Cyanidiococcus yangmingshanensis
OP616820	OP616820	OP616820	Cavernulicola chilensis
OP718169	OP718169,NC_067848,OL752416	OL752416	Gomphonema parvulum
OP765320	OP765320,NC_068256,OM329943	OM329943	Monoraphidium dybowskii
OP978508	OP978508,MN853882,NC_039092,MH396013	NC_039092	Gracilaria vermiculophylla
OP985129	OP985129,NC_077590,OP985130,OP985131,OP985132,NC_067777,OL684342,MZ703011,MZ561475,MZ571508,NC_036137,KX342867,NC_035823,KX579943,NC_030312,KX058323	MZ571508	Ulva prolifera
OQ161670	OQ161670	OQ161670	Meringosphaera mediterranea
OQ161672	OQ161672,OQ161673	OQ161672	Meringosphaera mediterranea
OQ349515	OQ349515	OQ349515	Ostreobium sp. TRHA14-720
OQ694379	OQ694379	OQ694379	Fragilaria capucina
OQ694381	OQ694381,NC_024079,KC509519	OQ694381	Asterionella formosa
OQ731394	OQ731394	OQ731394	Echinothamnion sp.
OQ731395	OQ731395	OQ731395	Echinothamnion sp.
OQ731399	OQ731399	OQ731399	Lophurella pseudocorticata
OQ848499	OQ848499		Cephaleuros virescens
OQ849777	OQ849777	OQ849777	Chlorophyceae sp. KF-2023a
OQ908868	OQ908868,OQ908869	OQ908869	Laurencia australis
OQ942923	OQ942923	OQ942923	Picochlorum sp. BH-2019
OR139612	OR139612,NC_071183,OM766211,NC_065334,ON227495,NC_058274,MZ156031,MZ156032,MW899036,NC_049039,MT151382	NC_065334	Macrocystis pyrifera
OR148362	OR148362	OR148362	Ochrosphaera neapolitana
OR168088	OR168088,NC_008822,DQ422812	NC_008822	Chlorokybus atmophyticus
OR168089	OR168089,OR168090,NC_030313,KU646490	OR168090	Entransia fimbriata
OR168099	OR168099,OR168101	OR168099	Klebsormidium flaccidum
OR168110	OR168110,OR168109,NC_024167,KJ461680	NC_024167	Klebsormidium flaccidum
OR168112	OR168112,OR168113,AF166114,NC_002186	NC_002186	Mesostigma viride
OR350844	OR350844	OR350844	Scenedesmaceae sp. YH-2023b
OR464347	OR464347,NC_066074,OL415004	OR464347	Haslea avium
OR464348	OR464348	OR464348	Nitzschia anomala
OR464349	OR464349	OR464349	Pleurosigma inscriptura
OR464350	OR464350	OR464350	Nitzschia reversa
OR464351	OR464351	OR464351	Nitzschia dissipatoides
OR464352	OR464352	OR464352	Entomoneis umbratica
OR502667	OR502667	OR502667	Tetradesmus sp. JML-2023a
OR502671	OR502671	OR502671	Tetradesmus sp. JML-2023b
OR502672	OR502672,KX756229,NC_008101,DQ396875	KX756229	Tetradesmus obliquus
OR608737	OR608737	OR608737	Rhodochorton tenue
OR666648	OR666648,NC_077461,MT385839,KJ958480,KJ958481	KJ958480	Cyclotella sp. L04_2
OR666649	OR666649	OR666649	Conticribra weissflogii
OR666650	OR666650	OR666650	Discostella asterocostata
OR666651	OR666651	OR666651	Thalassiosira duostra
OR666652	OR666652,NC_072630,OP964512	OP964512	Stephanodiscus niagarae
OR666653	OR666653	OR666653	Cyclostephanos invisitatus
OR666654	OR666654	OR666654	Thalassiosira lacustris
OR666655	OR666655	OR666655	Discostella guiyangensis
OR666656	OR666656,NC_038005,MG755804	NC_038005	Discostella pseudostelligera
OR666657	OR666657	OR666657	Lindavia radiosa
OR666658	OR666658	OR666658	Cyclotella distinguenda
OR795085	OR795085,OR795086	OR795086	Navicula sp.
OR805654	OR805654	OR805654	Naviculales sp.
OR830335	OR830335,NC_012097,FJ493498	FJ493498	Pycnococcus provasolii
OR858607	OR858607,NC_082077,NC_082078,OR168118,OR168119	OR168118	Streptosarcina arenaria
OR881974	OR881974,OR909680,OR909681,OR909682,OR909683,OR909684	OR909681	Mazzaella laminarioides
OR909685	OR909685		Mazzaella membranacea
PP291739	PP291739,NC_054192,MN794236		Prototheca wickerhamii
PP291740	PP291740		Prototheca zopfii
PP728231	PP728231	PP728231	Haslea sp.
PP906181	PP906181,NC_081972,OR128540,LC521919	OR128540	Neoporphyra dentata
PP942170	PP942170	PP942170	Gracilaria hainanensis
PP949287	PP949287	PP949287	Pterocladiella capillacea
PP962255	PP962255,PP727123	PP962255	Halamphora sp.
PP990793	PP990793	PP990793	Koliella sp. HS-2024a
PQ010274	PQ010274,NC_058786,MW853966	NC_058786	Pseudo-nitzschia simulans
PQ010275	PQ010275	PQ010275	Pseudo-nitzschia brasiliana
PQ010276	PQ010276	PQ010276	Pseudo-nitzschia galaxiae
PQ010277	PQ010277	PQ010277	Pseudo-nitzschia sabit
PQ144585	PQ144585,PQ083144	PQ144585	Borodinellopsis sp. QY-2024b
PQ399789	PQ399789	PQ399789	Platoma sp. KA-2024a
PQ652170	PQ652170,NC_013359,GQ892829	NC_013359	Bryopsis hypnoides
PQ722531	PQ722531	PQ722531	Navicula incertata
