rep_genome	genome	in_tree	num_in_tree	genomes_in_tree	GenBank_URL
AB818490	AB818490	False	0.0		https://www.ncbi.nlm.nih.gov/nuccore/AB818490
AB818491	AB818491	False	0.0		https://www.ncbi.nlm.nih.gov/nuccore/AB818491
AF137379	AF137379,NC_000927	True	1.0	NC_000927	https://www.ncbi.nlm.nih.gov/nuccore/AF137379
AF494278	AF494278,NC_004115	True	1.0	AF494278	https://www.ncbi.nlm.nih.gov/nuccore/AF494278
AP014542	AP014542	True	1.0	AP014542	https://www.ncbi.nlm.nih.gov/nuccore/AP014542
AP014543	AP014543	True	1.0	AP014543	https://www.ncbi.nlm.nih.gov/nuccore/AP014543
AP025008	AP025008,MF805805	True	1.0	MF805805	https://www.ncbi.nlm.nih.gov/nuccore/AP025008
AY286123	AY286123,NC_004799,AB002583	True	1.0	AB002583	https://www.ncbi.nlm.nih.gov/nuccore/AY286123
CP038136	CP038136,NC_022263,KC598086,KC598090	True	1.0	KC598090	https://www.ncbi.nlm.nih.gov/nuccore/CP038136
CP084607	CP084607,MZ647689	True	1.0	MZ647689	https://www.ncbi.nlm.nih.gov/nuccore/CP084607
HE605038	HE605038,NC_017754	True	1.0	NC_017754	https://www.ncbi.nlm.nih.gov/nuccore/HE605038
JX297813	JX297813	True	1.0	JX297813	https://www.ncbi.nlm.nih.gov/nuccore/JX297813
KF285522	KF285522,KF285523,KF285524,KF285525,KF285526,KF285527,KF285528,KF285529,KF285530,KF285531,KF285532,KF285533,KC990831,CR954199,NC_008289	True	1.0	KF285523	https://www.ncbi.nlm.nih.gov/nuccore/KF285522
KF438023	KF438023	True	1.0	KF438023	https://www.ncbi.nlm.nih.gov/nuccore/KF438023
KJ001761	KJ001761	False	0.0		https://www.ncbi.nlm.nih.gov/nuccore/KJ001761
KJ410682	KJ410682,KJ410685,NC_022261,KC598084,KC598088,NC_020014,KC012944	True	1.0	KC598084	https://www.ncbi.nlm.nih.gov/nuccore/KJ410682
KJ742376	KJ742376,NC_023835,KJ397925	True	1.0	NC_023835	https://www.ncbi.nlm.nih.gov/nuccore/KJ742376
KJ746597	KJ746597	True	1.0	KJ746597	https://www.ncbi.nlm.nih.gov/nuccore/KJ746597
KJ746601	KJ746601	True	1.0	KJ746601	https://www.ncbi.nlm.nih.gov/nuccore/KJ746601
KJ746602	KJ746602	True	1.0	KJ746602	https://www.ncbi.nlm.nih.gov/nuccore/KJ746602
KJ776827	KJ776827,KJ776828,KJ776829,KJ776830,KJ776831,KJ776832,KJ776833,KJ776834,KJ776835,KF515972,KF515973,NC_024050,KC904971	True	1.0	KC904971	https://www.ncbi.nlm.nih.gov/nuccore/KJ776827
KJ877675	KJ877675	True	1.0	KJ877675	https://www.ncbi.nlm.nih.gov/nuccore/KJ877675
KM462862	KM462862	True	1.0	KM462862	https://www.ncbi.nlm.nih.gov/nuccore/KM462862
KM462870	KM462870	True	1.0	KM462870	https://www.ncbi.nlm.nih.gov/nuccore/KM462870
KM821265	KM821265	True	1.0	KM821265	https://www.ncbi.nlm.nih.gov/nuccore/KM821265
KP686075	KP686075	True	1.0	KP686075	https://www.ncbi.nlm.nih.gov/nuccore/KP686075
KP686076	KP686076,NC_001603,X70810	True	1.0	KP686076	https://www.ncbi.nlm.nih.gov/nuccore/KP686076
KT223519	KT223519	True	1.0	KT223519	https://www.ncbi.nlm.nih.gov/nuccore/KT223519
KT428890	KT428890	True	1.0	KT428890	https://www.ncbi.nlm.nih.gov/nuccore/KT428890
KT625419	KT625419	True	1.0	KT625419	https://www.ncbi.nlm.nih.gov/nuccore/KT625419
KT716756	KT716756	True	1.0	KT716756	https://www.ncbi.nlm.nih.gov/nuccore/KT716756
KU167097	KU167097	True	1.0	KU167097	https://www.ncbi.nlm.nih.gov/nuccore/KU167097
KU979013	KU979013	True	1.0	KU979013	https://www.ncbi.nlm.nih.gov/nuccore/KU979013
KX013546	KX013546,NC_012099,FJ493499	True	1.0	NC_012099	https://www.ncbi.nlm.nih.gov/nuccore/KX013546
KX131180	KX131180	True	1.0	KX131180	https://www.ncbi.nlm.nih.gov/nuccore/KX131180
KX284710	KX284710	True	1.0	KX284710	https://www.ncbi.nlm.nih.gov/nuccore/KX284710
KX284728	KX284728	True	1.0	KX284728	https://www.ncbi.nlm.nih.gov/nuccore/KX284728
KX306821	KX306821	True	1.0	KX306821	https://www.ncbi.nlm.nih.gov/nuccore/KX306821
KX306824	KX306824	True	1.0	KX306824	https://www.ncbi.nlm.nih.gov/nuccore/KX306824
KX530454	KX530454	True	1.0	KX530454	https://www.ncbi.nlm.nih.gov/nuccore/KX530454
KX809677	KX809677,NC_037367,KY819068	True	1.0	KY819068	https://www.ncbi.nlm.nih.gov/nuccore/KX809677
KX839260	KX839260	True	1.0	KX839260	https://www.ncbi.nlm.nih.gov/nuccore/KX839260
KY347917	KY347917	True	1.0	KY347917	https://www.ncbi.nlm.nih.gov/nuccore/KY347917
KY499654	KY499654	True	1.0	KY499654	https://www.ncbi.nlm.nih.gov/nuccore/KY499654
KY613608	KY613608,KC843975,NC_023775,KC631634	True	1.0	KC843975	https://www.ncbi.nlm.nih.gov/nuccore/KY613608
KY629617	KY629617,KP271969,KJ718922,NC_015359,HQ914635	True	1.0	KY629617	https://www.ncbi.nlm.nih.gov/nuccore/KY629617
KY709207	KY709207,NC_031173,KX284718	True	1.0	KY709207	https://www.ncbi.nlm.nih.gov/nuccore/KY709207
KY856940	KY856940	True	1.0	KY856940	https://www.ncbi.nlm.nih.gov/nuccore/KY856940
LC269918	LC269918,LC269919,LC269920,LC269921,LC269922,LC269923,LC269924,NC_010772,EU168190,EU168191	True	1.0	EU168191	https://www.ncbi.nlm.nih.gov/nuccore/LC269918
LC484192	LC484192	True	1.0	LC484192	https://www.ncbi.nlm.nih.gov/nuccore/LC484192
LC484193	LC484193	True	1.0	LC484193	https://www.ncbi.nlm.nih.gov/nuccore/LC484193
LC484194	LC484194	True	1.0	LC484194	https://www.ncbi.nlm.nih.gov/nuccore/LC484194
LC523992	LC523992	True	1.0	LC523992	https://www.ncbi.nlm.nih.gov/nuccore/LC523992
LC537471	LC537471,MW845778,NC_025310,KJ958479	True	1.0	KJ958479	https://www.ncbi.nlm.nih.gov/nuccore/LC537471
LC537912	LC537912,NC_080230,OQ784247	True	1.0	LC537912	https://www.ncbi.nlm.nih.gov/nuccore/LC537912
LC564893	LC564893	True	1.0	LC564893	https://www.ncbi.nlm.nih.gov/nuccore/LC564893
LC604816	LC604816	True	1.0	LC604816	https://www.ncbi.nlm.nih.gov/nuccore/LC604816
LC648950	LC648950	True	1.0	LC648950	https://www.ncbi.nlm.nih.gov/nuccore/LC648950
LC648951	LC648951	True	1.0	LC648951	https://www.ncbi.nlm.nih.gov/nuccore/LC648951
LC648952	LC648952,LC648959	True	1.0	LC648952	https://www.ncbi.nlm.nih.gov/nuccore/LC648952
LC648953	LC648953	True	1.0	LC648953	https://www.ncbi.nlm.nih.gov/nuccore/LC648953
LC648954	LC648954,LC648961	True	1.0	LC648961	https://www.ncbi.nlm.nih.gov/nuccore/LC648954
LC648955	LC648955	True	1.0	LC648955	https://www.ncbi.nlm.nih.gov/nuccore/LC648955
LC648956	LC648956,NC_013703,GQ358203	True	1.0	NC_013703	https://www.ncbi.nlm.nih.gov/nuccore/LC648956
LC648957	LC648957	True	1.0	LC648957	https://www.ncbi.nlm.nih.gov/nuccore/LC648957
LC648958	LC648958	True	1.0	LC648958	https://www.ncbi.nlm.nih.gov/nuccore/LC648958
LC648960	LC648960	True	1.0	LC648960	https://www.ncbi.nlm.nih.gov/nuccore/LC648960
LC648962	LC648962	True	1.0	LC648962	https://www.ncbi.nlm.nih.gov/nuccore/LC648962
LC648963	LC648963	True	1.0	LC648963	https://www.ncbi.nlm.nih.gov/nuccore/LC648963
LC648964	LC648964	True	1.0	LC648964	https://www.ncbi.nlm.nih.gov/nuccore/LC648964
LC648965	LC648965	True	1.0	LC648965	https://www.ncbi.nlm.nih.gov/nuccore/LC648965
LC704715	LC704715,LC704717	False	0.0		https://www.ncbi.nlm.nih.gov/nuccore/LC704715
LC716139	LC716139	False	0.0		https://www.ncbi.nlm.nih.gov/nuccore/LC716139
LC716140	LC716140	False	0.0		https://www.ncbi.nlm.nih.gov/nuccore/LC716140
LC761953	LC761953,LC761954,LC761955	True	1.0	LC761955	https://www.ncbi.nlm.nih.gov/nuccore/LC761953
LC768901	LC768901,LN810504,NC_026795	True	1.0	LC768901	https://www.ncbi.nlm.nih.gov/nuccore/LC768901
LC781622	LC781622	True	1.0	LC781622	https://www.ncbi.nlm.nih.gov/nuccore/LC781622
LC814759	LC814759,LC814762,LC814765,LC814786,MW679509	False	0.0		https://www.ncbi.nlm.nih.gov/nuccore/LC814759
LC814774	LC814774,NC_058705,MW679511	True	1.0	NC_058705	https://www.ncbi.nlm.nih.gov/nuccore/LC814774
LC814777	LC814777,LC814768,LC814771,LC814780,LC814783,LC814789,NC_058701,NC_058702,NC_058703,NC_058704,MW679506,MW679507,MW679508,MW679510,MK372941	True	1.0	MW679507	https://www.ncbi.nlm.nih.gov/nuccore/LC814777
LC855054	LC855054	True	1.0	LC855054	https://www.ncbi.nlm.nih.gov/nuccore/LC855054
LC855055	LC855055	True	1.0	LC855055	https://www.ncbi.nlm.nih.gov/nuccore/LC855055
LC855056	LC855056,LC855059,LC855062,OR123498,MT876197,MK695880,KC517072,NC_007932,AP006715	True	1.0	KC517072	https://www.ncbi.nlm.nih.gov/nuccore/LC855056
LC855057	LC855057	True	1.0	LC855057	https://www.ncbi.nlm.nih.gov/nuccore/LC855057
LC855058	LC855058	True	1.0	LC855058	https://www.ncbi.nlm.nih.gov/nuccore/LC855058
LC855060	LC855060,NC_021189,KC464603	True	1.0	KC464603	https://www.ncbi.nlm.nih.gov/nuccore/LC855060
LC855061	LC855061	True	1.0	LC855061	https://www.ncbi.nlm.nih.gov/nuccore/LC855061
LC855063	LC855063	True	1.0	LC855063	https://www.ncbi.nlm.nih.gov/nuccore/LC855063
LN810505	LN810505,NC_026796	True	1.0	NC_026796	https://www.ncbi.nlm.nih.gov/nuccore/LN810505
LT622862	LT622862,LT622876,NC_031654	True	1.0	LT622876	https://www.ncbi.nlm.nih.gov/nuccore/LT622862
LT622863	LT622863,NC_031655	True	1.0	LT622863	https://www.ncbi.nlm.nih.gov/nuccore/LT622863
LT622864	LT622864,NC_031656	True	1.0	NC_031656	https://www.ncbi.nlm.nih.gov/nuccore/LT622864
LT622865	LT622865,NC_031657	True	1.0	NC_031657	https://www.ncbi.nlm.nih.gov/nuccore/LT622865
LT622866	LT622866,NC_031658	True	1.0	LT622866	https://www.ncbi.nlm.nih.gov/nuccore/LT622866
LT622867	LT622867,NC_031659	True	1.0	LT622867	https://www.ncbi.nlm.nih.gov/nuccore/LT622867
LT622868	LT622868,NC_031660	True	1.0	LT622868	https://www.ncbi.nlm.nih.gov/nuccore/LT622868
LT622869	LT622869,LT622877,NC_031661,NC_031667	True	1.0	LT622869	https://www.ncbi.nlm.nih.gov/nuccore/LT622869
LT622870	LT622870,NC_031662	True	1.0	NC_031662	https://www.ncbi.nlm.nih.gov/nuccore/LT622870
LT622871	LT622871	True	1.0	LT622871	https://www.ncbi.nlm.nih.gov/nuccore/LT622871
LT622872	LT622872,NC_031663	True	1.0	NC_031663	https://www.ncbi.nlm.nih.gov/nuccore/LT622872
LT622873	LT622873,NC_031664	True	1.0	NC_031664	https://www.ncbi.nlm.nih.gov/nuccore/LT622873
LT622874	LT622874,NC_031665	True	1.0	NC_031665	https://www.ncbi.nlm.nih.gov/nuccore/LT622874
LT622875	LT622875,NC_031666	True	1.0	LT622875	https://www.ncbi.nlm.nih.gov/nuccore/LT622875
LT622878	LT622878,NC_031668	True	1.0	NC_031668	https://www.ncbi.nlm.nih.gov/nuccore/LT622878
MF083688	MF083688,MF083689,MF083690,MF083691,MF083692,FJ423446,NC_005353,BK000554	True	1.0	MF083692	https://www.ncbi.nlm.nih.gov/nuccore/MF083688
MF101412	MF101412	True	1.0	MF101412	https://www.ncbi.nlm.nih.gov/nuccore/MF101412
MF101414	MF101414	True	1.0	MF101414	https://www.ncbi.nlm.nih.gov/nuccore/MF101414
MF101429	MF101429	True	1.0	MF101429	https://www.ncbi.nlm.nih.gov/nuccore/MF101429
MF101431	MF101431	True	1.0	MF101431	https://www.ncbi.nlm.nih.gov/nuccore/MF101431
MF101435	MF101435	True	1.0	MF101435	https://www.ncbi.nlm.nih.gov/nuccore/MF101435
MF101451	MF101451	True	1.0	MF101451	https://www.ncbi.nlm.nih.gov/nuccore/MF101451
MF101453	MF101453	True	1.0	MF101453	https://www.ncbi.nlm.nih.gov/nuccore/MF101453
MF101456	MF101456	True	1.0	MF101456	https://www.ncbi.nlm.nih.gov/nuccore/MF101456
MF167424	MF167424	True	1.0	MF167424	https://www.ncbi.nlm.nih.gov/nuccore/MF167424
MF276978	MF276978	True	1.0	MF276978	https://www.ncbi.nlm.nih.gov/nuccore/MF276978
MF276979	MF276979,MF276981	True	1.0	MF276979	https://www.ncbi.nlm.nih.gov/nuccore/MF276979
MF401423	MF401423,NC_023133	True	1.0	MF401423	https://www.ncbi.nlm.nih.gov/nuccore/MF401423
MG264610	MG264610	True	1.0	MG264610	https://www.ncbi.nlm.nih.gov/nuccore/MG264610
MG552671	MG552671	True	1.0	MG552671	https://www.ncbi.nlm.nih.gov/nuccore/MG552671
MG755791	MG755791	True	1.0	MG755791	https://www.ncbi.nlm.nih.gov/nuccore/MG755791
MG755795	MG755795	True	1.0	MG755795	https://www.ncbi.nlm.nih.gov/nuccore/MG755795
MG755797	MG755797	True	1.0	MG755797	https://www.ncbi.nlm.nih.gov/nuccore/MG755797
MG778533	MG778533	True	1.0	MG778533	https://www.ncbi.nlm.nih.gov/nuccore/MG778533
MH113811	MH113811,NC_014287,GU591327	True	1.0	NC_014287	https://www.ncbi.nlm.nih.gov/nuccore/MH113811
MH161344	MH161344	True	1.0	MH161344	https://www.ncbi.nlm.nih.gov/nuccore/MH161344
MH161345	MH161345	True	1.0	MH161345	https://www.ncbi.nlm.nih.gov/nuccore/MH161345
MH267732	MH267732	True	1.0	MH267732	https://www.ncbi.nlm.nih.gov/nuccore/MH267732
MH281627	MH281627	True	1.0	MH281627	https://www.ncbi.nlm.nih.gov/nuccore/MH281627
MH281629	MH281629	True	1.0	MH281629	https://www.ncbi.nlm.nih.gov/nuccore/MH281629
MH281630	MH281630	True	1.0	MH281630	https://www.ncbi.nlm.nih.gov/nuccore/MH281630
MH356727	MH356727	True	1.0	MH356727	https://www.ncbi.nlm.nih.gov/nuccore/MH356727
MH511733	MH511733	True	1.0	MH511733	https://www.ncbi.nlm.nih.gov/nuccore/MH511733
MH590838	MH590838	True	1.0	MH590838	https://www.ncbi.nlm.nih.gov/nuccore/MH590838
MH591102	MH591102	True	1.0	MH591102	https://www.ncbi.nlm.nih.gov/nuccore/MH591102
MH591113	MH591113	True	1.0	MH591113	https://www.ncbi.nlm.nih.gov/nuccore/MH591113
MH795128	MH795128	True	1.0	MH795128	https://www.ncbi.nlm.nih.gov/nuccore/MH795128
MH795129	MH795129	True	1.0	MH795129	https://www.ncbi.nlm.nih.gov/nuccore/MH795129
MH795132	MH795132	True	1.0	MH795132	https://www.ncbi.nlm.nih.gov/nuccore/MH795132
MH898669	MH898669	True	1.0	MH898669	https://www.ncbi.nlm.nih.gov/nuccore/MH898669
MK085988	MK085988,MK085990,MK085996	True	1.0	MK085996	https://www.ncbi.nlm.nih.gov/nuccore/MK085988
MK085997	MK085997	True	1.0	MK085997	https://www.ncbi.nlm.nih.gov/nuccore/MK085997
MK408749	MK408749,NC_054284,MT948112	True	1.0	MK408749	https://www.ncbi.nlm.nih.gov/nuccore/MK408749
MK641509	MK641509	True	1.0	MK641509	https://www.ncbi.nlm.nih.gov/nuccore/MK641509
MK792749	MK792749	True	1.0	MK792749	https://www.ncbi.nlm.nih.gov/nuccore/MK792749
MK792750	MK792750	True	1.0	MK792750	https://www.ncbi.nlm.nih.gov/nuccore/MK792750
MK798155	MK798155	True	1.0	MK798155	https://www.ncbi.nlm.nih.gov/nuccore/MK798155
MK895950	MK895950	True	1.0	MK895950	https://www.ncbi.nlm.nih.gov/nuccore/MK895950
MK995333	MK995333	True	1.0	MK995333	https://www.ncbi.nlm.nih.gov/nuccore/MK995333
MN102114	MN102114,NC_042250,MG778185	True	1.0	NC_042250	https://www.ncbi.nlm.nih.gov/nuccore/MN102114
MN128434	MN128434,MH983006	True	2.0	MN128434,MH983006	https://www.ncbi.nlm.nih.gov/nuccore/MN128434
MN181444	MN181444,FP102343,FP102296,NC_013498	True	1.0	FP102296	https://www.ncbi.nlm.nih.gov/nuccore/MN181444
MN240356	MN240356	True	1.0	MN240356	https://www.ncbi.nlm.nih.gov/nuccore/MN240356
MN240357	MN240357	True	1.0	MN240357	https://www.ncbi.nlm.nih.gov/nuccore/MN240357
MN240358	MN240358	True	1.0	MN240358	https://www.ncbi.nlm.nih.gov/nuccore/MN240358
MN276191	MN276191	True	1.0	MN276191	https://www.ncbi.nlm.nih.gov/nuccore/MN276191
MN649872	MN649872	True	1.0	MN649872	https://www.ncbi.nlm.nih.gov/nuccore/MN649872
MN659374	MN659374	True	1.0	MN659374	https://www.ncbi.nlm.nih.gov/nuccore/MN659374
MN699101	MN699101	True	1.0	MN699101	https://www.ncbi.nlm.nih.gov/nuccore/MN699101
MN701588	MN701588	True	1.0	MN701588	https://www.ncbi.nlm.nih.gov/nuccore/MN701588
MN701985	MN701985	True	1.0	MN701985	https://www.ncbi.nlm.nih.gov/nuccore/MN701985
MN701986	MN701986	True	1.0	MN701986	https://www.ncbi.nlm.nih.gov/nuccore/MN701986
MN701987	MN701987	True	1.0	MN701987	https://www.ncbi.nlm.nih.gov/nuccore/MN701987
MN701988	MN701988	True	1.0	MN701988	https://www.ncbi.nlm.nih.gov/nuccore/MN701988
MN701989	MN701989	True	1.0	MN701989	https://www.ncbi.nlm.nih.gov/nuccore/MN701989
MN701990	MN701990	True	1.0	MN701990	https://www.ncbi.nlm.nih.gov/nuccore/MN701990
MN701991	MN701991	False	0.0		https://www.ncbi.nlm.nih.gov/nuccore/MN701991
MN709220	MN709220,NC_037007,MG677935	True	1.0	MN709220	https://www.ncbi.nlm.nih.gov/nuccore/MN709220
MN853876	MN853876	True	1.0	MN853876	https://www.ncbi.nlm.nih.gov/nuccore/MN853876
MN894287	MN894287,KF554427	True	1.0	MN894287	https://www.ncbi.nlm.nih.gov/nuccore/MN894287
MN905507	MN905507	True	1.0	MN905507	https://www.ncbi.nlm.nih.gov/nuccore/MN905507
MN909954	MN909954,NC_031171,KX284714	True	1.0	NC_031171	https://www.ncbi.nlm.nih.gov/nuccore/MN909954
MN937452	MN937452,NC_008588,EF067920	True	1.0	MN937452	https://www.ncbi.nlm.nih.gov/nuccore/MN937452
MT040697	MT040697	True	1.0	MT040697	https://www.ncbi.nlm.nih.gov/nuccore/MT040697
MT117916	MT117916	True	1.0	MT117916	https://www.ncbi.nlm.nih.gov/nuccore/MT117916
MT117918	MT117918	False	0.0		https://www.ncbi.nlm.nih.gov/nuccore/MT117918
MT211884	MT211884,MT211885,MT211886,MT211887,NC_042901,MK598845,NC_041636,MK408748	True	1.0	MT211886	https://www.ncbi.nlm.nih.gov/nuccore/MT211884
MT271684	MT271684,MN201587,NC_039377,MG753774	True	1.0	MN201587	https://www.ncbi.nlm.nih.gov/nuccore/MT271684
MT364368	MT364368	True	1.0	MT364368	https://www.ncbi.nlm.nih.gov/nuccore/MT364368
MT364369	MT364369,NC_031510,KX507373	True	1.0	KX507373	https://www.ncbi.nlm.nih.gov/nuccore/MT364369
MT383637	MT383637,NC_008589,EF067921	True	1.0	EF067921	https://www.ncbi.nlm.nih.gov/nuccore/MT383637
MT471323	MT471323,MT471324,MT471325,MT471326,MT471327,MT471328,MT471329,MT471330,MT471331,MT471332,MT471333,MT471334,NC_021637,KC900889	True	1.0	MT471333	https://www.ncbi.nlm.nih.gov/nuccore/MT471323
MT742551	MT742551	True	1.0	MT742551	https://www.ncbi.nlm.nih.gov/nuccore/MT742551
MT872223	MT872223,MT872224,MT872225,MT872226,KJ410684,NC_022259,NC_022260,NC_022262,KC598085,KC598087,KC598089	True	2.0	MT872224,KJ410684	https://www.ncbi.nlm.nih.gov/nuccore/MT872223
MT896721	MT896721,NC_059930,MW561225	True	1.0	MT896721	https://www.ncbi.nlm.nih.gov/nuccore/MT896721
MW250871	MW250871	True	1.0	MW250871	https://www.ncbi.nlm.nih.gov/nuccore/MW250871
MW250872	MW250872	True	1.0	MW250872	https://www.ncbi.nlm.nih.gov/nuccore/MW250872
MW250873	MW250873	True	1.0	MW250873	https://www.ncbi.nlm.nih.gov/nuccore/MW250873
MW250874	MW250874,NC_011031,EU677193	True	1.0	EU677193	https://www.ncbi.nlm.nih.gov/nuccore/MW250874
MW250875	MW250875	True	1.0	MW250875	https://www.ncbi.nlm.nih.gov/nuccore/MW250875
MW323067	MW323067,NC_030358,KU646493	True	1.0	MW323067	https://www.ncbi.nlm.nih.gov/nuccore/MW323067
MW344287	MW344287,MW353781,MW548841,MT916929,NC_050739,KX595275,NC_043860,MK069584	True	1.0	NC_043860	https://www.ncbi.nlm.nih.gov/nuccore/MW344287
MW408731	MW408731,NC_042485,MK085989	True	1.0	MK085989	https://www.ncbi.nlm.nih.gov/nuccore/MW408731
MW543060	MW543060,NC_053616	True	1.0	MW543060	https://www.ncbi.nlm.nih.gov/nuccore/MW543060
MW556321	MW556321	True	1.0	MW556321	https://www.ncbi.nlm.nih.gov/nuccore/MW556321
MW592700	MW592700	True	1.0	MW592700	https://www.ncbi.nlm.nih.gov/nuccore/MW592700
MW645082	MW645082,MW645084	True	1.0	MW645084	https://www.ncbi.nlm.nih.gov/nuccore/MW645082
MW660365	MW660365,NC_053621,MW004650	True	1.0	MW660365	https://www.ncbi.nlm.nih.gov/nuccore/MW660365
MW675662	MW675662	True	1.0	MW675662	https://www.ncbi.nlm.nih.gov/nuccore/MW675662
MW675663	MW675663	True	1.0	MW675663	https://www.ncbi.nlm.nih.gov/nuccore/MW675663
MW675665	MW675665,MW675684	True	1.0	MW675684	https://www.ncbi.nlm.nih.gov/nuccore/MW675665
MW675666	MW675666	True	1.0	MW675666	https://www.ncbi.nlm.nih.gov/nuccore/MW675666
MW675667	MW675667	True	1.0	MW675667	https://www.ncbi.nlm.nih.gov/nuccore/MW675667
MW675668	MW675668	True	1.0	MW675668	https://www.ncbi.nlm.nih.gov/nuccore/MW675668
MW675669	MW675669	True	1.0	MW675669	https://www.ncbi.nlm.nih.gov/nuccore/MW675669
MW675670	MW675670	True	1.0	MW675670	https://www.ncbi.nlm.nih.gov/nuccore/MW675670
MW675673	MW675673	True	1.0	MW675673	https://www.ncbi.nlm.nih.gov/nuccore/MW675673
MW675674	MW675674	True	1.0	MW675674	https://www.ncbi.nlm.nih.gov/nuccore/MW675674
MW675675	MW675675	True	1.0	MW675675	https://www.ncbi.nlm.nih.gov/nuccore/MW675675
MW675676	MW675676	True	1.0	MW675676	https://www.ncbi.nlm.nih.gov/nuccore/MW675676
MW675677	MW675677	True	1.0	MW675677	https://www.ncbi.nlm.nih.gov/nuccore/MW675677
MW675678	MW675678	True	1.0	MW675678	https://www.ncbi.nlm.nih.gov/nuccore/MW675678
MW675679	MW675679	True	1.0	MW675679	https://www.ncbi.nlm.nih.gov/nuccore/MW675679
MW675680	MW675680	True	1.0	MW675680	https://www.ncbi.nlm.nih.gov/nuccore/MW675680
MW675681	MW675681	True	1.0	MW675681	https://www.ncbi.nlm.nih.gov/nuccore/MW675681
MW675682	MW675682	True	1.0	MW675682	https://www.ncbi.nlm.nih.gov/nuccore/MW675682
MW675683	MW675683	True	1.0	MW675683	https://www.ncbi.nlm.nih.gov/nuccore/MW675683
MW752443	MW752443,NC_025314,KJ958485	True	1.0	KJ958485	https://www.ncbi.nlm.nih.gov/nuccore/MW752443
MW810349	MW810349	True	1.0	MW810349	https://www.ncbi.nlm.nih.gov/nuccore/MW810349
MW845774	MW845774,MZ352931	True	1.0	MW845774	https://www.ncbi.nlm.nih.gov/nuccore/MW845774
MW845775	MW845775	True	1.0	MW845775	https://www.ncbi.nlm.nih.gov/nuccore/MW845775
MW845776	MW845776	True	1.0	MW845776	https://www.ncbi.nlm.nih.gov/nuccore/MW845776
MW845777	MW845777,MW845780	True	2.0	MW845777,MW845780	https://www.ncbi.nlm.nih.gov/nuccore/MW845777
MW845779	MW845779	True	1.0	MW845779	https://www.ncbi.nlm.nih.gov/nuccore/MW845779
MW853965	MW853965	True	1.0	MW853965	https://www.ncbi.nlm.nih.gov/nuccore/MW853965
MW900257	MW900257,MT920676,MT577052,MK948100,MK948102,NC_001865	True	1.0	MW900257	https://www.ncbi.nlm.nih.gov/nuccore/MW900257
MW971520	MW971520	True	1.0	MW971520	https://www.ncbi.nlm.nih.gov/nuccore/MW971520
MZ156027	MZ156027	True	1.0	MZ156027	https://www.ncbi.nlm.nih.gov/nuccore/MZ156027
MZ156028	MZ156028	True	1.0	MZ156028	https://www.ncbi.nlm.nih.gov/nuccore/MZ156028
MZ156030	MZ156030	True	1.0	MZ156030	https://www.ncbi.nlm.nih.gov/nuccore/MZ156030
MZ156039	MZ156039	True	1.0	MZ156039	https://www.ncbi.nlm.nih.gov/nuccore/MZ156039
MZ158703	MZ158703	True	1.0	MZ158703	https://www.ncbi.nlm.nih.gov/nuccore/MZ158703
MZ334625	MZ334625	False	0.0		https://www.ncbi.nlm.nih.gov/nuccore/MZ334625
MZ334626	MZ334626	False	0.0		https://www.ncbi.nlm.nih.gov/nuccore/MZ334626
MZ336050	MZ336050	False	0.0		https://www.ncbi.nlm.nih.gov/nuccore/MZ336050
MZ336051	MZ336051,MF401963,NC_029860,KT266788	True	1.0	MZ336051	https://www.ncbi.nlm.nih.gov/nuccore/MZ336051
MZ336057	MZ336057,NC_046041,MN053318	True	1.0	MZ336057	https://www.ncbi.nlm.nih.gov/nuccore/MZ336057
MZ336066	MZ336066,NC_039142,MH396012	True	1.0	MZ336066	https://www.ncbi.nlm.nih.gov/nuccore/MZ336066
MZ336067	MZ336067,NC_023785,KF861575	True	1.0	MZ336067	https://www.ncbi.nlm.nih.gov/nuccore/MZ336067
MZ336073	MZ336073,NC_031149,KX284722,NC_029644,KU179794,KP330491	True	1.0	NC_031149	https://www.ncbi.nlm.nih.gov/nuccore/MZ336073
MZ365053	MZ365053	True	1.0	MZ365053	https://www.ncbi.nlm.nih.gov/nuccore/MZ365053
MZ365054	MZ365054	True	1.0	MZ365054	https://www.ncbi.nlm.nih.gov/nuccore/MZ365054
MZ365055	MZ365055	True	1.0	MZ365055	https://www.ncbi.nlm.nih.gov/nuccore/MZ365055
MZ520768	MZ520768	True	1.0	MZ520768	https://www.ncbi.nlm.nih.gov/nuccore/MZ520768
MZ681957	MZ681957,KJ569775	True	1.0	MZ681957	https://www.ncbi.nlm.nih.gov/nuccore/MZ681957
MZ681958	MZ681958	True	1.0	MZ681958	https://www.ncbi.nlm.nih.gov/nuccore/MZ681958
MZ681962	MZ681962	True	1.0	MZ681962	https://www.ncbi.nlm.nih.gov/nuccore/MZ681962
NC_000925	NC_000925,PPU38804	False	0.0		https://www.ncbi.nlm.nih.gov/nuccore/NC_000925
NC_000926	NC_000926	True	1.0	NC_000926	https://www.ncbi.nlm.nih.gov/nuccore/NC_000926
NC_002652	NC_002652	True	1.0	NC_002652	https://www.ncbi.nlm.nih.gov/nuccore/NC_002652
NC_006137	NC_006137,AY673996	True	1.0	AY673996	https://www.ncbi.nlm.nih.gov/nuccore/NC_006137
NC_008099	NC_008099,DQ291132	True	1.0	DQ291132	https://www.ncbi.nlm.nih.gov/nuccore/NC_008099
NC_008100	NC_008100,DQ398104	False	0.0		https://www.ncbi.nlm.nih.gov/nuccore/NC_008100
NC_008114	NC_008114,AY835431	True	1.0	NC_008114	https://www.ncbi.nlm.nih.gov/nuccore/NC_008114
NC_008116	NC_008116,AY958085	True	1.0	NC_008116	https://www.ncbi.nlm.nih.gov/nuccore/NC_008116
NC_008117	NC_008117,AY958086	True	1.0	AY958086	https://www.ncbi.nlm.nih.gov/nuccore/NC_008117
NC_008372	NC_008372,DQ630521	True	1.0	DQ630521	https://www.ncbi.nlm.nih.gov/nuccore/NC_008372
NC_008408	NC_008408,DQ851108	True	1.0	DQ851108	https://www.ncbi.nlm.nih.gov/nuccore/NC_008408
NC_009573	NC_009573,EF508371	True	1.0	NC_009573	https://www.ncbi.nlm.nih.gov/nuccore/NC_009573
NC_009681	NC_009681,EF506945	True	1.0	EF506945	https://www.ncbi.nlm.nih.gov/nuccore/NC_009681
NC_011600	NC_011600,EU912438	True	1.0	EU912438	https://www.ncbi.nlm.nih.gov/nuccore/NC_011600
NC_012101	NC_012101,FJ493497	True	1.0	NC_012101	https://www.ncbi.nlm.nih.gov/nuccore/NC_012101
NC_012575	NC_012575,FJ858267	True	1.0	NC_012575	https://www.ncbi.nlm.nih.gov/nuccore/NC_012575
NC_012898	NC_012898,GQ231541	True	1.0	NC_012898	https://www.ncbi.nlm.nih.gov/nuccore/NC_012898
NC_012903	NC_012903,GQ231542	True	1.0	NC_012903	https://www.ncbi.nlm.nih.gov/nuccore/NC_012903
NC_012978	NC_012978,FJ968741	True	1.0	FJ968741	https://www.ncbi.nlm.nih.gov/nuccore/NC_012978
NC_014267	NC_014267,GU591328	True	1.0	GU591328	https://www.ncbi.nlm.nih.gov/nuccore/NC_014267
NC_014340	NC_014340,HM222967	True	1.0	NC_014340	https://www.ncbi.nlm.nih.gov/nuccore/NC_014340
NC_014345	NC_014345,HM222968	True	1.0	HM222968	https://www.ncbi.nlm.nih.gov/nuccore/NC_014345
NC_014346	NC_014346,GU196268	True	1.0	GU196268	https://www.ncbi.nlm.nih.gov/nuccore/NC_014346
NC_014808	NC_014808,GU323224	True	1.0	GU323224	https://www.ncbi.nlm.nih.gov/nuccore/NC_014808
NC_015084	NC_015084,HQ693844	True	1.0	NC_015084	https://www.ncbi.nlm.nih.gov/nuccore/NC_015084
NC_015645	NC_015645,HQ700713	True	1.0	HQ700713	https://www.ncbi.nlm.nih.gov/nuccore/NC_015645
NC_016703	NC_016703,JN117275	True	1.0	JN117275	https://www.ncbi.nlm.nih.gov/nuccore/NC_016703
NC_016731	NC_016731,JQ088178	True	1.0	NC_016731	https://www.ncbi.nlm.nih.gov/nuccore/NC_016731
NC_016732	NC_016732,GQ250046	True	1.0	GQ250046	https://www.ncbi.nlm.nih.gov/nuccore/NC_016732
NC_016733	NC_016733,FJ968740	True	1.0	NC_016733	https://www.ncbi.nlm.nih.gov/nuccore/NC_016733
NC_018569	NC_018569,JX402620	True	1.0	JX402620	https://www.ncbi.nlm.nih.gov/nuccore/NC_018569
NC_020018	NC_020018,JX457480	True	1.0	NC_020018	https://www.ncbi.nlm.nih.gov/nuccore/NC_020018
NC_020438	NC_020438,AP012494	True	1.0	AP012494	https://www.ncbi.nlm.nih.gov/nuccore/NC_020438
NC_020460	NC_020460,JQ237893	True	1.0	NC_020460	https://www.ncbi.nlm.nih.gov/nuccore/NC_020460
NC_021075	NC_021075,KC153978	True	1.0	NC_021075	https://www.ncbi.nlm.nih.gov/nuccore/NC_021075
NC_021109	NC_021109,JX977846	True	1.0	NC_021109	https://www.ncbi.nlm.nih.gov/nuccore/NC_021109
NC_024080	NC_024080,KC509520	True	1.0	NC_024080	https://www.ncbi.nlm.nih.gov/nuccore/NC_024080
NC_024081	NC_024081,KC509521	True	1.0	KC509521	https://www.ncbi.nlm.nih.gov/nuccore/NC_024081
NC_024082	NC_024082,KC509522	True	1.0	NC_024082	https://www.ncbi.nlm.nih.gov/nuccore/NC_024082
NC_024083	NC_024083,KC509523	True	1.0	NC_024083	https://www.ncbi.nlm.nih.gov/nuccore/NC_024083
NC_024084	NC_024084,KC509524	True	1.0	NC_024084	https://www.ncbi.nlm.nih.gov/nuccore/NC_024084
NC_024154	NC_024154,KC684276	True	1.0	KC684276	https://www.ncbi.nlm.nih.gov/nuccore/NC_024154
NC_024169	NC_024169,KJ461682	True	1.0	KJ461682	https://www.ncbi.nlm.nih.gov/nuccore/NC_024169
NC_024665	NC_024665,KJ700459	True	1.0	KJ700459	https://www.ncbi.nlm.nih.gov/nuccore/NC_024665
NC_024811	NC_024811	True	1.0	NC_024811	https://www.ncbi.nlm.nih.gov/nuccore/NC_024811
NC_024817	NC_024817,KJ746598	True	1.0	KJ746598	https://www.ncbi.nlm.nih.gov/nuccore/NC_024817
NC_024828	NC_024828,KJ746599	True	1.0	NC_024828	https://www.ncbi.nlm.nih.gov/nuccore/NC_024828
NC_024829	NC_024829,KJ746600	True	1.0	KJ746600	https://www.ncbi.nlm.nih.gov/nuccore/NC_024829
NC_024928	NC_024928,KF733443	True	1.0	KF733443	https://www.ncbi.nlm.nih.gov/nuccore/NC_024928
NC_025311	NC_025311,KJ958482	True	1.0	NC_025311	https://www.ncbi.nlm.nih.gov/nuccore/NC_025311
NC_025312	NC_025312,KJ958483	True	1.0	KJ958483	https://www.ncbi.nlm.nih.gov/nuccore/NC_025312
NC_025313	NC_025313,KJ958484	True	1.0	NC_025313	https://www.ncbi.nlm.nih.gov/nuccore/NC_025313
NC_025524	NC_025524,KM462860	True	1.0	NC_025524	https://www.ncbi.nlm.nih.gov/nuccore/NC_025524
NC_025525	NC_025525,KM462861	True	1.0	NC_025525	https://www.ncbi.nlm.nih.gov/nuccore/NC_025525
NC_025526	NC_025526,KM462863	True	1.0	NC_025526	https://www.ncbi.nlm.nih.gov/nuccore/NC_025526
NC_025527	NC_025527,KM462864	True	1.0	KM462864	https://www.ncbi.nlm.nih.gov/nuccore/NC_025527
NC_025528	NC_025528,KM462865	True	1.0	NC_025528	https://www.ncbi.nlm.nih.gov/nuccore/NC_025528
NC_025529	NC_025529,KM462866	True	1.0	KM462866	https://www.ncbi.nlm.nih.gov/nuccore/NC_025529
NC_025530	NC_025530,KM462867	True	1.0	KM462867	https://www.ncbi.nlm.nih.gov/nuccore/NC_025530
NC_025531	NC_025531,KM462868	True	1.0	NC_025531	https://www.ncbi.nlm.nih.gov/nuccore/NC_025531
NC_025532	NC_025532,KM462869	True	1.0	NC_025532	https://www.ncbi.nlm.nih.gov/nuccore/NC_025532
NC_025533	NC_025533,KM462871	True	1.0	KM462871	https://www.ncbi.nlm.nih.gov/nuccore/NC_025533
NC_025534	NC_025534,KM462872	True	1.0	KM462872	https://www.ncbi.nlm.nih.gov/nuccore/NC_025534
NC_025535	NC_025535,KM462873	True	1.0	NC_025535	https://www.ncbi.nlm.nih.gov/nuccore/NC_025535
NC_025536	NC_025536,KM462874	True	1.0	NC_025536	https://www.ncbi.nlm.nih.gov/nuccore/NC_025536
NC_025537	NC_025537,KM462876	True	1.0	NC_025537	https://www.ncbi.nlm.nih.gov/nuccore/NC_025537
NC_025538	NC_025538,KM462877	True	1.0	NC_025538	https://www.ncbi.nlm.nih.gov/nuccore/NC_025538
NC_025539	NC_025539,KM462878	True	1.0	NC_025539	https://www.ncbi.nlm.nih.gov/nuccore/NC_025539
NC_025540	NC_025540,KM462879	True	1.0	KM462879	https://www.ncbi.nlm.nih.gov/nuccore/NC_025540
NC_025541	NC_025541,KM462880	True	1.0	KM462880	https://www.ncbi.nlm.nih.gov/nuccore/NC_025541
NC_025542	NC_025542,KM462881	False	0.0		https://www.ncbi.nlm.nih.gov/nuccore/NC_025542
NC_025543	NC_025543,KM462882	True	1.0	KM462882	https://www.ncbi.nlm.nih.gov/nuccore/NC_025543
NC_025544	NC_025544,KM462883	True	1.0	KM462883	https://www.ncbi.nlm.nih.gov/nuccore/NC_025544
NC_025545	NC_025545,KM462884	True	1.0	NC_025545	https://www.ncbi.nlm.nih.gov/nuccore/NC_025545
NC_025546	NC_025546,KM462885	True	1.0	NC_025546	https://www.ncbi.nlm.nih.gov/nuccore/NC_025546
NC_025547	NC_025547,KM462886	True	1.0	KM462886	https://www.ncbi.nlm.nih.gov/nuccore/NC_025547
NC_025548	NC_025548,KM462887	True	1.0	KM462887	https://www.ncbi.nlm.nih.gov/nuccore/NC_025548
NC_025549	NC_025549,KM462888	True	1.0	NC_025549	https://www.ncbi.nlm.nih.gov/nuccore/NC_025549
NC_026522	NC_026522,KP308096	True	1.0	NC_026522	https://www.ncbi.nlm.nih.gov/nuccore/NC_026522
NC_026523	NC_026523,KP308097	True	1.0	KP308097	https://www.ncbi.nlm.nih.gov/nuccore/NC_026523
NC_027093	NC_027093,LC008447	True	1.0	NC_027093	https://www.ncbi.nlm.nih.gov/nuccore/NC_027093
NC_027269	NC_027269,KP453743	True	1.0	NC_027269	https://www.ncbi.nlm.nih.gov/nuccore/NC_027269
NC_027286	NC_027286,KP410781	True	1.0	NC_027286	https://www.ncbi.nlm.nih.gov/nuccore/NC_027286
NC_027287	NC_027287,KP455987	True	1.0	NC_027287	https://www.ncbi.nlm.nih.gov/nuccore/NC_027287
NC_027288	NC_027288,KP686077	True	1.0	NC_027288	https://www.ncbi.nlm.nih.gov/nuccore/NC_027288
NC_027589	NC_027589,KP899713	True	1.0	NC_027589	https://www.ncbi.nlm.nih.gov/nuccore/NC_027589
NC_027721	NC_027721,MW722945,KR709240	True	1.0	NC_027721	https://www.ncbi.nlm.nih.gov/nuccore/NC_027721
NC_028578	NC_028578,KT625410	True	1.0	NC_028578	https://www.ncbi.nlm.nih.gov/nuccore/NC_028578
NC_028579	NC_028579,KT625411	True	1.0	NC_028579	https://www.ncbi.nlm.nih.gov/nuccore/NC_028579
NC_028580	NC_028580,KT625412	True	1.0	KT625412	https://www.ncbi.nlm.nih.gov/nuccore/NC_028580
NC_028581	NC_028581,KT625413	True	1.0	KT625413	https://www.ncbi.nlm.nih.gov/nuccore/NC_028581
NC_028582	NC_028582,KT625414	True	1.0	KT625414	https://www.ncbi.nlm.nih.gov/nuccore/NC_028582
NC_028583	NC_028583,KT625415	True	1.0	KT625415	https://www.ncbi.nlm.nih.gov/nuccore/NC_028583
NC_028584	NC_028584,KT625418	True	1.0	NC_028584	https://www.ncbi.nlm.nih.gov/nuccore/NC_028584
NC_028585	NC_028585,KT625420	True	1.0	KT625420	https://www.ncbi.nlm.nih.gov/nuccore/NC_028585
NC_028586	NC_028586,KT625421	True	1.0	NC_028586	https://www.ncbi.nlm.nih.gov/nuccore/NC_028586
NC_028587	NC_028587,KT625422	True	1.0	NC_028587	https://www.ncbi.nlm.nih.gov/nuccore/NC_028587
NC_029576	NC_029576,KR020505	True	1.0	NC_029576	https://www.ncbi.nlm.nih.gov/nuccore/NC_029576
NC_029669	NC_029669,KT199256	True	1.0	KT199256	https://www.ncbi.nlm.nih.gov/nuccore/NC_029669
NC_029670	NC_029670,KT199248	True	1.0	NC_029670	https://www.ncbi.nlm.nih.gov/nuccore/NC_029670
NC_029671	NC_029671,KT199249	True	1.0	KT199249	https://www.ncbi.nlm.nih.gov/nuccore/NC_029671
NC_029672	NC_029672,KT199251	True	1.0	NC_029672	https://www.ncbi.nlm.nih.gov/nuccore/NC_029672
NC_029673	NC_029673,KT199252	True	1.0	KT199252	https://www.ncbi.nlm.nih.gov/nuccore/NC_029673
NC_029674	NC_029674,KT199253	True	1.0	NC_029674	https://www.ncbi.nlm.nih.gov/nuccore/NC_029674
NC_029675	NC_029675,KT199254	True	1.0	KT199254	https://www.ncbi.nlm.nih.gov/nuccore/NC_029675
NC_029676	NC_029676,KT199250	True	1.0	KT199250	https://www.ncbi.nlm.nih.gov/nuccore/NC_029676
NC_029735	NC_029735,KT199255	True	1.0	KT199255	https://www.ncbi.nlm.nih.gov/nuccore/NC_029735
NC_029807	NC_029807,KU167098	True	1.0	KU167098	https://www.ncbi.nlm.nih.gov/nuccore/NC_029807
NC_029857	NC_029857,KT266785	True	1.0	KT266785	https://www.ncbi.nlm.nih.gov/nuccore/NC_029857
NC_029858	NC_029858,KT266786	True	1.0	NC_029858	https://www.ncbi.nlm.nih.gov/nuccore/NC_029858
NC_029859	NC_029859,KT266787	True	1.0	NC_029859	https://www.ncbi.nlm.nih.gov/nuccore/NC_029859
NC_029861	NC_029861,KT266789	True	1.0	NC_029861	https://www.ncbi.nlm.nih.gov/nuccore/NC_029861
NC_030169	NC_030169,KX013545	True	1.0	KX013545	https://www.ncbi.nlm.nih.gov/nuccore/NC_030169
NC_030314	NC_030314,KU646494	True	1.0	NC_030314	https://www.ncbi.nlm.nih.gov/nuccore/NC_030314
NC_030315	NC_030315,KU646496,NC_024168,KJ461681	True	1.0	NC_030315	https://www.ncbi.nlm.nih.gov/nuccore/NC_030315
NC_030338	NC_030338,KU053957	True	1.0	KU053957	https://www.ncbi.nlm.nih.gov/nuccore/NC_030338
NC_030355	NC_030355,KU646489	True	1.0	NC_030355	https://www.ncbi.nlm.nih.gov/nuccore/NC_030355
NC_030356	NC_030356,KU646491	True	1.0	NC_030356	https://www.ncbi.nlm.nih.gov/nuccore/NC_030356
NC_030359	NC_030359,KU646495	True	1.0	NC_030359	https://www.ncbi.nlm.nih.gov/nuccore/NC_030359
NC_031144	NC_031144,KX284709	True	1.0	NC_031144	https://www.ncbi.nlm.nih.gov/nuccore/NC_031144
NC_031146	NC_031146,KX284724	True	1.0	NC_031146	https://www.ncbi.nlm.nih.gov/nuccore/NC_031146
NC_031147	NC_031147,KX284726	False	0.0		https://www.ncbi.nlm.nih.gov/nuccore/NC_031147
NC_031148	NC_031148,KX284717	True	1.0	KX284717	https://www.ncbi.nlm.nih.gov/nuccore/NC_031148
NC_031161	NC_031161,KX247284	True	1.0	NC_031161	https://www.ncbi.nlm.nih.gov/nuccore/NC_031161
NC_031167	NC_031167,KX525588	True	1.0	NC_031167	https://www.ncbi.nlm.nih.gov/nuccore/NC_031167
NC_031168	NC_031168,KX284711	True	1.0	KX284711	https://www.ncbi.nlm.nih.gov/nuccore/NC_031168
NC_031169	NC_031169,KX284712	True	1.0	NC_031169	https://www.ncbi.nlm.nih.gov/nuccore/NC_031169
NC_031170	NC_031170,KX284713	True	1.0	NC_031170	https://www.ncbi.nlm.nih.gov/nuccore/NC_031170
NC_031172	NC_031172,KX284716	True	1.0	KX284716	https://www.ncbi.nlm.nih.gov/nuccore/NC_031172
NC_031174	NC_031174,KX284719	True	1.0	NC_031174	https://www.ncbi.nlm.nih.gov/nuccore/NC_031174
NC_031175	NC_031175,KX284720	True	1.0	KX284720	https://www.ncbi.nlm.nih.gov/nuccore/NC_031175
NC_031176	NC_031176,KX284721	True	1.0	KX284721	https://www.ncbi.nlm.nih.gov/nuccore/NC_031176
NC_031177	NC_031177,KX284723	True	1.0	NC_031177	https://www.ncbi.nlm.nih.gov/nuccore/NC_031177
NC_031178	NC_031178,KX284725	True	1.0	NC_031178	https://www.ncbi.nlm.nih.gov/nuccore/NC_031178
NC_031179	NC_031179,KX284727	True	1.0	KX284727	https://www.ncbi.nlm.nih.gov/nuccore/NC_031179
NC_031211	NC_031211,KR025491,KR814486	True	1.0	KR025491	https://www.ncbi.nlm.nih.gov/nuccore/NC_031211
NC_031367	NC_031367,KX808497	True	1.0	NC_031367	https://www.ncbi.nlm.nih.gov/nuccore/NC_031367
NC_031368	NC_031368,KX808498	True	1.0	KX808498	https://www.ncbi.nlm.nih.gov/nuccore/NC_031368
NC_031425	NC_031425,KX619437	True	1.0	KX619437	https://www.ncbi.nlm.nih.gov/nuccore/NC_031425
NC_032041	NC_032041,KT266849	True	1.0	KT266849	https://www.ncbi.nlm.nih.gov/nuccore/NC_032041
NC_032042	NC_032042,KT946602	True	1.0	NC_032042	https://www.ncbi.nlm.nih.gov/nuccore/NC_032042
NC_032043	NC_032043,KT946603	True	1.0	NC_032043	https://www.ncbi.nlm.nih.gov/nuccore/NC_032043
NC_032045	NC_032045,KU164871,KU164872	True	1.0	KU164872	https://www.ncbi.nlm.nih.gov/nuccore/NC_032045
NC_032109	NC_032109,KX828176	True	1.0	NC_032109	https://www.ncbi.nlm.nih.gov/nuccore/NC_032109
NC_032284	NC_032284,KU059765	True	1.0	KU059765	https://www.ncbi.nlm.nih.gov/nuccore/NC_032284
NC_032288	NC_032288,KU255795	True	1.0	KU255795	https://www.ncbi.nlm.nih.gov/nuccore/NC_032288
NC_032396	NC_032396,NC_032399,KJ513670,KP675983	True	1.0	NC_032396	https://www.ncbi.nlm.nih.gov/nuccore/NC_032396
NC_033387	NC_033387,AP017927	True	1.0	NC_033387	https://www.ncbi.nlm.nih.gov/nuccore/NC_033387
NC_034654	NC_034654,KY114064	True	1.0	NC_034654	https://www.ncbi.nlm.nih.gov/nuccore/NC_034654
NC_034655	NC_034655,KY114065	True	1.0	KY114065	https://www.ncbi.nlm.nih.gov/nuccore/NC_034655
NC_034709	NC_034709,KY407656	True	1.0	KY407656	https://www.ncbi.nlm.nih.gov/nuccore/NC_034709
NC_034710	NC_034710,KY407657	True	1.0	NC_034710	https://www.ncbi.nlm.nih.gov/nuccore/NC_034710
NC_034711	NC_034711,NC_034712,KY407658,KY407659	True	1.0	NC_034711	https://www.ncbi.nlm.nih.gov/nuccore/NC_034711
NC_034713	NC_034713,KY407660	True	1.0	NC_034713	https://www.ncbi.nlm.nih.gov/nuccore/NC_034713
NC_034714	NC_034714,KY407661	True	1.0	NC_034714	https://www.ncbi.nlm.nih.gov/nuccore/NC_034714
NC_034776	NC_034776,KY709208	True	1.0	NC_034776	https://www.ncbi.nlm.nih.gov/nuccore/NC_034776
NC_034787	NC_034787,KY709209	True	1.0	KY709209	https://www.ncbi.nlm.nih.gov/nuccore/NC_034787
NC_035156	NC_035156,KP939040	True	1.0	KP939040	https://www.ncbi.nlm.nih.gov/nuccore/NC_035156
NC_035231	NC_035231,KY033529	True	1.0	NC_035231	https://www.ncbi.nlm.nih.gov/nuccore/NC_035231
NC_035257	NC_035257,MF101408	True	1.0	NC_035257	https://www.ncbi.nlm.nih.gov/nuccore/NC_035257
NC_035258	NC_035258,MF101409	True	1.0	NC_035258	https://www.ncbi.nlm.nih.gov/nuccore/NC_035258
NC_035259	NC_035259,MF101410	True	1.0	MF101410	https://www.ncbi.nlm.nih.gov/nuccore/NC_035259
NC_035260	NC_035260,MF101411	True	1.0	MF101411	https://www.ncbi.nlm.nih.gov/nuccore/NC_035260
NC_035261	NC_035261,MF101413	True	1.0	MF101413	https://www.ncbi.nlm.nih.gov/nuccore/NC_035261
NC_035262	NC_035262,MF101415	True	1.0	MF101415	https://www.ncbi.nlm.nih.gov/nuccore/NC_035262
NC_035263	NC_035263,MF101416	True	1.0	MF101416	https://www.ncbi.nlm.nih.gov/nuccore/NC_035263
NC_035264	NC_035264,MF101417	True	1.0	MF101417	https://www.ncbi.nlm.nih.gov/nuccore/NC_035264
NC_035265	NC_035265,MF101418	True	1.0	MF101418	https://www.ncbi.nlm.nih.gov/nuccore/NC_035265
NC_035266	NC_035266,MF101419	True	1.0	NC_035266	https://www.ncbi.nlm.nih.gov/nuccore/NC_035266
NC_035267	NC_035267,MF101420	True	1.0	MF101420	https://www.ncbi.nlm.nih.gov/nuccore/NC_035267
NC_035268	NC_035268,MF101421	True	1.0	MF101421	https://www.ncbi.nlm.nih.gov/nuccore/NC_035268
NC_035269	NC_035269,MF101422	True	1.0	MF101422	https://www.ncbi.nlm.nih.gov/nuccore/NC_035269
NC_035270	NC_035270,MF101423	True	1.0	NC_035270	https://www.ncbi.nlm.nih.gov/nuccore/NC_035270
NC_035271	NC_035271,MF101424	True	1.0	MF101424	https://www.ncbi.nlm.nih.gov/nuccore/NC_035271
NC_035272	NC_035272,MF101425	True	1.0	MF101425	https://www.ncbi.nlm.nih.gov/nuccore/NC_035272
NC_035273	NC_035273,MF101426	True	1.0	NC_035273	https://www.ncbi.nlm.nih.gov/nuccore/NC_035273
NC_035274	NC_035274,MF101427	True	1.0	NC_035274	https://www.ncbi.nlm.nih.gov/nuccore/NC_035274
NC_035275	NC_035275,MF101428	True	1.0	NC_035275	https://www.ncbi.nlm.nih.gov/nuccore/NC_035275
NC_035276	NC_035276,MF101430	True	1.0	NC_035276	https://www.ncbi.nlm.nih.gov/nuccore/NC_035276
NC_035277	NC_035277,MF101432	True	1.0	MF101432	https://www.ncbi.nlm.nih.gov/nuccore/NC_035277
NC_035278	NC_035278,MF101433	True	1.0	MF101433	https://www.ncbi.nlm.nih.gov/nuccore/NC_035278
NC_035279	NC_035279,MF101434	True	1.0	MF101434	https://www.ncbi.nlm.nih.gov/nuccore/NC_035279
NC_035280	NC_035280,MF101436	True	1.0	NC_035280	https://www.ncbi.nlm.nih.gov/nuccore/NC_035280
NC_035281	NC_035281,MF101437	True	1.0	NC_035281	https://www.ncbi.nlm.nih.gov/nuccore/NC_035281
NC_035282	NC_035282,MF101438	True	1.0	MF101438	https://www.ncbi.nlm.nih.gov/nuccore/NC_035282
NC_035283	NC_035283,MF101439	True	1.0	NC_035283	https://www.ncbi.nlm.nih.gov/nuccore/NC_035283
NC_035284	NC_035284,MF101440	True	1.0	NC_035284	https://www.ncbi.nlm.nih.gov/nuccore/NC_035284
NC_035285	NC_035285,MF101441	True	1.0	NC_035285	https://www.ncbi.nlm.nih.gov/nuccore/NC_035285
NC_035286	NC_035286,MF101442	True	1.0	NC_035286	https://www.ncbi.nlm.nih.gov/nuccore/NC_035286
NC_035287	NC_035287,MF101443	True	1.0	NC_035287	https://www.ncbi.nlm.nih.gov/nuccore/NC_035287
NC_035288	NC_035288,MF101444	True	1.0	NC_035288	https://www.ncbi.nlm.nih.gov/nuccore/NC_035288
NC_035289	NC_035289,MF101445	True	1.0	MF101445	https://www.ncbi.nlm.nih.gov/nuccore/NC_035289
NC_035291	NC_035291,MF101447	True	1.0	NC_035291	https://www.ncbi.nlm.nih.gov/nuccore/NC_035291
NC_035292	NC_035292,MF101448	True	1.0	MF101448	https://www.ncbi.nlm.nih.gov/nuccore/NC_035292
NC_035293	NC_035293,MF101449	True	1.0	MF101449	https://www.ncbi.nlm.nih.gov/nuccore/NC_035293
NC_035294	NC_035294,MF101450	True	1.0	NC_035294	https://www.ncbi.nlm.nih.gov/nuccore/NC_035294
NC_035295	NC_035295,MF101452	True	1.0	NC_035295	https://www.ncbi.nlm.nih.gov/nuccore/NC_035295
NC_035296	NC_035296,MF101454	True	1.0	MF101454	https://www.ncbi.nlm.nih.gov/nuccore/NC_035296
NC_035297	NC_035297,MF101455	True	1.0	MF101455	https://www.ncbi.nlm.nih.gov/nuccore/NC_035297
NC_035298	NC_035298,MF101465	True	1.0	MF101465	https://www.ncbi.nlm.nih.gov/nuccore/NC_035298
NC_035299	NC_035299,MF101467	True	1.0	MF101467	https://www.ncbi.nlm.nih.gov/nuccore/NC_035299
NC_035350	NC_035350,KY083067	True	1.0	NC_035350	https://www.ncbi.nlm.nih.gov/nuccore/NC_035350
NC_035573	NC_035573,MF385003	True	1.0	NC_035573	https://www.ncbi.nlm.nih.gov/nuccore/NC_035573
NC_035720	NC_035720,KY856939	True	1.0	NC_035720	https://www.ncbi.nlm.nih.gov/nuccore/NC_035720
NC_035721	NC_035721,KY860574,KY856941	True	1.0	KY856941	https://www.ncbi.nlm.nih.gov/nuccore/NC_035721
NC_036668	NC_036668,KU847995	True	1.0	NC_036668	https://www.ncbi.nlm.nih.gov/nuccore/NC_036668
NC_036805	NC_036805,KY629616	True	1.0	NC_036805	https://www.ncbi.nlm.nih.gov/nuccore/NC_036805
NC_036806	NC_036806,KY629620	True	1.0	NC_036806	https://www.ncbi.nlm.nih.gov/nuccore/NC_036806
NC_036937	NC_036937,MG520331,KJ201907	True	1.0	KJ201907	https://www.ncbi.nlm.nih.gov/nuccore/NC_036937
NC_037363	NC_037363,KY819063	True	1.0	KY819063	https://www.ncbi.nlm.nih.gov/nuccore/NC_037363
NC_037364	NC_037364,KY819064	True	1.0	NC_037364	https://www.ncbi.nlm.nih.gov/nuccore/NC_037364
NC_037365	NC_037365,KY819065	True	1.0	KY819065	https://www.ncbi.nlm.nih.gov/nuccore/NC_037365
NC_037366	NC_037366,KY819066	True	1.0	KY819066	https://www.ncbi.nlm.nih.gov/nuccore/NC_037366
NC_037450	NC_037450,MF197535	False	0.0		https://www.ncbi.nlm.nih.gov/nuccore/NC_037450
NC_037480	NC_037480,AP018373	False	0.0		https://www.ncbi.nlm.nih.gov/nuccore/NC_037480
NC_037918	NC_037918,MF276976	True	1.0	MF276976	https://www.ncbi.nlm.nih.gov/nuccore/NC_037918
NC_037919	NC_037919,MF276977,MF276980	True	1.0	MF276977	https://www.ncbi.nlm.nih.gov/nuccore/NC_037919
NC_037920	NC_037920,MF276982,MF276983	True	1.0	MF276982	https://www.ncbi.nlm.nih.gov/nuccore/NC_037920
NC_037921	NC_037921,MF276984	True	1.0	MF276984	https://www.ncbi.nlm.nih.gov/nuccore/NC_037921
NC_037922	NC_037922,MF276985	True	1.0	MF276985	https://www.ncbi.nlm.nih.gov/nuccore/NC_037922
NC_037923	NC_037923,MF276986	True	1.0	MF276986	https://www.ncbi.nlm.nih.gov/nuccore/NC_037923
NC_037995	NC_037995,MG755792	True	1.0	MG755792	https://www.ncbi.nlm.nih.gov/nuccore/NC_037995
NC_037996	NC_037996,MG755793	True	1.0	NC_037996	https://www.ncbi.nlm.nih.gov/nuccore/NC_037996
NC_037997	NC_037997,MG755794	True	1.0	NC_037997	https://www.ncbi.nlm.nih.gov/nuccore/NC_037997
NC_037998	NC_037998,MG755796	True	1.0	NC_037998	https://www.ncbi.nlm.nih.gov/nuccore/NC_037998
NC_037999	NC_037999,MG755798	True	1.0	MG755798	https://www.ncbi.nlm.nih.gov/nuccore/NC_037999
NC_038000	NC_038000,MG755799	True	1.0	NC_038000	https://www.ncbi.nlm.nih.gov/nuccore/NC_038000
NC_038001	NC_038001,MG755800	True	1.0	MG755800	https://www.ncbi.nlm.nih.gov/nuccore/NC_038001
NC_038002	NC_038002,MG755801	True	1.0	MG755801	https://www.ncbi.nlm.nih.gov/nuccore/NC_038002
NC_038003	NC_038003,MG755802	True	1.0	NC_038003	https://www.ncbi.nlm.nih.gov/nuccore/NC_038003
NC_038004	NC_038004,MG755803	True	1.0	NC_038004	https://www.ncbi.nlm.nih.gov/nuccore/NC_038004
NC_038006	NC_038006,MG755805	True	1.0	NC_038006	https://www.ncbi.nlm.nih.gov/nuccore/NC_038006
NC_038007	NC_038007,MG755806	True	1.0	MG755806	https://www.ncbi.nlm.nih.gov/nuccore/NC_038007
NC_038008	NC_038008,MG755807	False	0.0		https://www.ncbi.nlm.nih.gov/nuccore/NC_038008
NC_038009	NC_038009,MG755808	True	1.0	NC_038009	https://www.ncbi.nlm.nih.gov/nuccore/NC_038009
NC_038051	NC_038051,KY018922,NC_033877,KX601051	True	1.0	KY018922	https://www.ncbi.nlm.nih.gov/nuccore/NC_038051
NC_038144	NC_038144,KY212106	True	1.0	KY212106	https://www.ncbi.nlm.nih.gov/nuccore/NC_038144
NC_038187	NC_038187,MF630936	True	1.0	MF630936	https://www.ncbi.nlm.nih.gov/nuccore/NC_038187
NC_038215	NC_038215,MG601102	True	1.0	MG601102	https://www.ncbi.nlm.nih.gov/nuccore/NC_038215
NC_038216	NC_038216,MG601103	True	1.0	MG601103	https://www.ncbi.nlm.nih.gov/nuccore/NC_038216
NC_038231	NC_038231,MF460360	True	1.0	MF460360	https://www.ncbi.nlm.nih.gov/nuccore/NC_038231
NC_039141	NC_039141,MH396011	True	1.0	MH396011	https://www.ncbi.nlm.nih.gov/nuccore/NC_039141
NC_039144	NC_039144,MH396015,NC_038100,MF372957	True	1.0	NC_038100	https://www.ncbi.nlm.nih.gov/nuccore/NC_039144
NC_039145	NC_039145,MH396016	True	1.0	MH396016	https://www.ncbi.nlm.nih.gov/nuccore/NC_039145
NC_039156	NC_039156,MF622086	True	1.0	MF622086	https://www.ncbi.nlm.nih.gov/nuccore/NC_039156
NC_039520	NC_039520,MH591103	True	1.0	NC_039520	https://www.ncbi.nlm.nih.gov/nuccore/NC_039520
NC_039521	NC_039521,MH591104	True	1.0	MH591104	https://www.ncbi.nlm.nih.gov/nuccore/NC_039521
NC_039522	NC_039522,MH591105	True	1.0	MH591105	https://www.ncbi.nlm.nih.gov/nuccore/NC_039522
NC_039523	NC_039523,MH591106	True	1.0	NC_039523	https://www.ncbi.nlm.nih.gov/nuccore/NC_039523
NC_039524	NC_039524,MH591107	True	1.0	NC_039524	https://www.ncbi.nlm.nih.gov/nuccore/NC_039524
NC_039525	NC_039525,MH591109	True	1.0	MH591109	https://www.ncbi.nlm.nih.gov/nuccore/NC_039525
NC_039526	NC_039526,MH591110	True	1.0	MH591110	https://www.ncbi.nlm.nih.gov/nuccore/NC_039526
NC_039527	NC_039527,MH591111	True	1.0	NC_039527	https://www.ncbi.nlm.nih.gov/nuccore/NC_039527
NC_039528	NC_039528,MH591112	True	1.0	NC_039528	https://www.ncbi.nlm.nih.gov/nuccore/NC_039528
NC_039737	NC_039737,MG976688,KY124271,KX897545	True	1.0	NC_039737	https://www.ncbi.nlm.nih.gov/nuccore/NC_039737
NC_039754	NC_039754,MH285950	True	1.0	MH285950	https://www.ncbi.nlm.nih.gov/nuccore/NC_039754
NC_039755	NC_039755,MH285951	True	1.0	NC_039755	https://www.ncbi.nlm.nih.gov/nuccore/NC_039755
NC_039766	NC_039766,MH591108	True	1.0	MH591108	https://www.ncbi.nlm.nih.gov/nuccore/NC_039766
NC_039920	NC_039920,MH790906,MG727869	True	1.0	MG727869	https://www.ncbi.nlm.nih.gov/nuccore/NC_039920
NC_039927	NC_039927,MH898673	True	1.0	MH898673	https://www.ncbi.nlm.nih.gov/nuccore/NC_039927
NC_039928	NC_039928,MH898674	True	1.0	NC_039928	https://www.ncbi.nlm.nih.gov/nuccore/NC_039928
NC_039967	NC_039967,MH898667	True	1.0	MH898667	https://www.ncbi.nlm.nih.gov/nuccore/NC_039967
NC_039968	NC_039968,MH898668	True	1.0	MH898668	https://www.ncbi.nlm.nih.gov/nuccore/NC_039968
NC_039969	NC_039969,MH898670	True	1.0	MH898670	https://www.ncbi.nlm.nih.gov/nuccore/NC_039969
NC_039970	NC_039970,MH898671	True	1.0	MH898671	https://www.ncbi.nlm.nih.gov/nuccore/NC_039970
NC_039971	NC_039971,MH898672	True	1.0	MH898672	https://www.ncbi.nlm.nih.gov/nuccore/NC_039971
NC_039977	NC_039977,MH281626	True	1.0	MH281626	https://www.ncbi.nlm.nih.gov/nuccore/NC_039977
NC_039978	NC_039978,MH281628	True	1.0	NC_039978	https://www.ncbi.nlm.nih.gov/nuccore/NC_039978
NC_040134	NC_040134,MH795130	True	1.0	MH795130	https://www.ncbi.nlm.nih.gov/nuccore/NC_040134
NC_040135	NC_040135,MH795131	True	1.0	NC_040135	https://www.ncbi.nlm.nih.gov/nuccore/NC_040135
NC_040152	NC_040152,MF167425	True	1.0	NC_040152	https://www.ncbi.nlm.nih.gov/nuccore/NC_040152
NC_040153	NC_040153,MF167426	True	1.0	MF167426	https://www.ncbi.nlm.nih.gov/nuccore/NC_040153
NC_040294	NC_040294,MK281452	True	1.0	NC_040294	https://www.ncbi.nlm.nih.gov/nuccore/NC_040294
NC_040295	NC_040295,MK281453,NC_026851,KJ624065	True	1.0	MK281453	https://www.ncbi.nlm.nih.gov/nuccore/NC_040295
NC_040296	NC_040296,MK281454	True	1.0	NC_040296	https://www.ncbi.nlm.nih.gov/nuccore/NC_040296
NC_040297	NC_040297,MK281455	True	1.0	NC_040297	https://www.ncbi.nlm.nih.gov/nuccore/NC_040297
NC_040298	NC_040298,MK281456	True	1.0	NC_040298	https://www.ncbi.nlm.nih.gov/nuccore/NC_040298
NC_040299	NC_040299,MK281457	True	1.0	MK281457	https://www.ncbi.nlm.nih.gov/nuccore/NC_040299
NC_041173	NC_041173,NC_041174,NC_041175,MG922858,MG922861,MG922862,NC_040156,NC_040158,MG922860,MG922864	True	1.0	MG922861	https://www.ncbi.nlm.nih.gov/nuccore/NC_041173
NC_042170	NC_042170,MH026107	True	1.0	NC_042170	https://www.ncbi.nlm.nih.gov/nuccore/NC_042170
NC_042171	NC_042171,MH026108	True	1.0	MH026108	https://www.ncbi.nlm.nih.gov/nuccore/NC_042171
NC_042181	NC_042181,MF423120	True	1.0	MF423120	https://www.ncbi.nlm.nih.gov/nuccore/NC_042181
NC_042182	NC_042182,MG778173	True	1.0	MG778173	https://www.ncbi.nlm.nih.gov/nuccore/NC_042182
NC_042241	NC_042241,MG786420	True	1.0	MG786420	https://www.ncbi.nlm.nih.gov/nuccore/NC_042241
NC_042251	NC_042251,MG778500	True	1.0	NC_042251	https://www.ncbi.nlm.nih.gov/nuccore/NC_042251
NC_042483	NC_042483,MK085986	True	1.0	NC_042483	https://www.ncbi.nlm.nih.gov/nuccore/NC_042483
NC_042484	NC_042484,MK085987	True	1.0	NC_042484	https://www.ncbi.nlm.nih.gov/nuccore/NC_042484
NC_042486	NC_042486,MK085991,MK085992	True	1.0	MK085992	https://www.ncbi.nlm.nih.gov/nuccore/NC_042486
NC_042487	NC_042487,MK085993	True	1.0	MK085993	https://www.ncbi.nlm.nih.gov/nuccore/NC_042487
NC_042488	NC_042488,MK085994	True	1.0	NC_042488	https://www.ncbi.nlm.nih.gov/nuccore/NC_042488
NC_042489	NC_042489,MK085995	True	1.0	MK085995	https://www.ncbi.nlm.nih.gov/nuccore/NC_042489
NC_042794	NC_042794,MH853471	True	1.0	MH853471	https://www.ncbi.nlm.nih.gov/nuccore/NC_042794
NC_043776	NC_043776,MK580484	False	0.0		https://www.ncbi.nlm.nih.gov/nuccore/NC_043776
NC_043890	NC_043890,MK561360	True	1.0	NC_043890	https://www.ncbi.nlm.nih.gov/nuccore/NC_043890
NC_043929	NC_043929,MK561359	True	1.0	NC_043929	https://www.ncbi.nlm.nih.gov/nuccore/NC_043929
NC_044407	NC_044407,MK518352	True	1.0	NC_044407	https://www.ncbi.nlm.nih.gov/nuccore/NC_044407
NC_044408	NC_044408,MK518353	True	1.0	MK518353	https://www.ncbi.nlm.nih.gov/nuccore/NC_044408
NC_044463	NC_044463,NC_044464,MK045450,MK045451	True	1.0	NC_044463	https://www.ncbi.nlm.nih.gov/nuccore/NC_044463
NC_044465	NC_044465,MK045452	True	1.0	NC_044465	https://www.ncbi.nlm.nih.gov/nuccore/NC_044465
NC_044491	NC_044491,MH681881	True	1.0	MH681881	https://www.ncbi.nlm.nih.gov/nuccore/NC_044491
NC_044704	NC_044704,MN056173	True	1.0	MN056173	https://www.ncbi.nlm.nih.gov/nuccore/NC_044704
NC_044758	NC_044758,MF591718	True	1.0	MF591718	https://www.ncbi.nlm.nih.gov/nuccore/NC_044758
NC_044785	NC_044785,MN065498	False	0.0		https://www.ncbi.nlm.nih.gov/nuccore/NC_044785
NC_045059	NC_045059,MF197536	False	0.0		https://www.ncbi.nlm.nih.gov/nuccore/NC_045059
NC_045244	NC_045244,MK217824	True	1.0	NC_045244	https://www.ncbi.nlm.nih.gov/nuccore/NC_045244
NC_045893	NC_045893,MH511734	True	1.0	NC_045893	https://www.ncbi.nlm.nih.gov/nuccore/NC_045893
NC_045914	NC_045914,MH745228	True	1.0	MH745228	https://www.ncbi.nlm.nih.gov/nuccore/NC_045914
NC_046005	NC_046005,MG739403	True	1.0	NC_046005	https://www.ncbi.nlm.nih.gov/nuccore/NC_046005
NC_046042	NC_046042,MN053319	True	1.0	MN053319	https://www.ncbi.nlm.nih.gov/nuccore/NC_046042
NC_046043	NC_046043,MN053320	True	1.0	MN053320	https://www.ncbi.nlm.nih.gov/nuccore/NC_046043
NC_046495	NC_046495,MN967052,AB807662	True	1.0	NC_046495	https://www.ncbi.nlm.nih.gov/nuccore/NC_046495
NC_046751	NC_046751,MK783267	True	1.0	NC_046751	https://www.ncbi.nlm.nih.gov/nuccore/NC_046751
NC_047430	NC_047430,MN701586	True	1.0	NC_047430	https://www.ncbi.nlm.nih.gov/nuccore/NC_047430
NC_047431	NC_047431,MN701587	True	1.0	MN701587	https://www.ncbi.nlm.nih.gov/nuccore/NC_047431
NC_047434	NC_047434,MT193838	True	1.0	NC_047434	https://www.ncbi.nlm.nih.gov/nuccore/NC_047434
NC_047440	NC_047440,MN701585	True	1.0	MN701585	https://www.ncbi.nlm.nih.gov/nuccore/NC_047440
NC_047441	NC_047441,MN659373	True	1.0	NC_047441	https://www.ncbi.nlm.nih.gov/nuccore/NC_047441
NC_049013	NC_049013,MT364382,NC_020371,KC573041	True	1.0	NC_020371	https://www.ncbi.nlm.nih.gov/nuccore/NC_049013
NC_049168	NC_049168,MT304829,NC_040291,MF795089	True	1.0	MF795089	https://www.ncbi.nlm.nih.gov/nuccore/NC_049168
NC_051457	NC_051457,MH898941	True	1.0	NC_051457	https://www.ncbi.nlm.nih.gov/nuccore/NC_051457
NC_053611	NC_053611,NC_053612,MT179348,MT179349,LC507117,MN853875	True	1.0	MN853875	https://www.ncbi.nlm.nih.gov/nuccore/NC_053611
NC_053868	NC_053868,MT226925	True	1.0	NC_053868	https://www.ncbi.nlm.nih.gov/nuccore/NC_053868
NC_056103	NC_056103,MT909785	False	0.0		https://www.ncbi.nlm.nih.gov/nuccore/NC_056103
NC_056787	NC_056787,MT383638	True	1.0	MT383638	https://www.ncbi.nlm.nih.gov/nuccore/NC_056787
NC_056790	NC_056790,MT383641,NC_015403,AP011960	True	1.0	NC_015403	https://www.ncbi.nlm.nih.gov/nuccore/NC_056790
NC_056791	NC_056791,MT383642	True	1.0	MT383642	https://www.ncbi.nlm.nih.gov/nuccore/NC_056791
NC_056794	NC_056794,MT383645	True	1.0	MT383645	https://www.ncbi.nlm.nih.gov/nuccore/NC_056794
NC_056910	NC_056910,MW175522	True	1.0	NC_056910	https://www.ncbi.nlm.nih.gov/nuccore/NC_056910
NC_057170	NC_057170,MT859097	True	1.0	NC_057170	https://www.ncbi.nlm.nih.gov/nuccore/NC_057170
NC_057222	NC_057222,MW292565	True	1.0	MW292565	https://www.ncbi.nlm.nih.gov/nuccore/NC_057222
NC_057618	NC_057618,MW309501	True	1.0	MW309501	https://www.ncbi.nlm.nih.gov/nuccore/NC_057618
NC_057645	NC_057645,MW412838	True	1.0	NC_057645	https://www.ncbi.nlm.nih.gov/nuccore/NC_057645
NC_058651	NC_058651,NC_058660,MZ336044,MZ336056	True	1.0	NC_058660	https://www.ncbi.nlm.nih.gov/nuccore/NC_058651
NC_058652	NC_058652,NC_058658,NC_058659,NC_058669,MZ336045,MZ336053,MZ336054,MZ336055,MZ336072	True	1.0	NC_058669	https://www.ncbi.nlm.nih.gov/nuccore/NC_058652
NC_058653	NC_058653,MZ336046	True	1.0	NC_058653	https://www.ncbi.nlm.nih.gov/nuccore/NC_058653
NC_058654	NC_058654,MZ336047,NC_039139,MH396009	True	1.0	NC_058654	https://www.ncbi.nlm.nih.gov/nuccore/NC_058654
NC_058655	NC_058655,MZ336048	True	1.0	MZ336048	https://www.ncbi.nlm.nih.gov/nuccore/NC_058655
NC_058656	NC_058656,MZ336049,MZ336058,NC_039140,MH396010	True	1.0	NC_058656	https://www.ncbi.nlm.nih.gov/nuccore/NC_058656
NC_058657	NC_058657,MZ336052	True	1.0	NC_058657	https://www.ncbi.nlm.nih.gov/nuccore/NC_058657
NC_058661	NC_058661,NC_058664,MZ336059,MZ336062	True	1.0	MZ336059	https://www.ncbi.nlm.nih.gov/nuccore/NC_058661
NC_058662	NC_058662,NC_058665,NC_058667,MZ336060,MZ336063,MZ336068,MZ336069,MZ336070	True	1.0	MZ336060	https://www.ncbi.nlm.nih.gov/nuccore/NC_058662
NC_058663	NC_058663,MZ336061	False	0.0		https://www.ncbi.nlm.nih.gov/nuccore/NC_058663
NC_058666	NC_058666,MZ336064,MZ336065	True	1.0	MZ336064	https://www.ncbi.nlm.nih.gov/nuccore/NC_058666
NC_058668	NC_058668,MZ336071	True	1.0	NC_058668	https://www.ncbi.nlm.nih.gov/nuccore/NC_058668
NC_058670	NC_058670,MZ336074,MZ336075,NC_039143,MH396014	True	1.0	MZ336075	https://www.ncbi.nlm.nih.gov/nuccore/NC_058670
NC_058737	NC_058737,MZ393452,MZ393453,MZ393454,MZ393455,NC_031145,KX284715	True	1.0	KX284715	https://www.ncbi.nlm.nih.gov/nuccore/NC_058737
NC_058751	NC_058751	False	0.0		https://www.ncbi.nlm.nih.gov/nuccore/NC_058751
NC_058752	NC_058752,MN853881,NC_036804,KY433579	True	1.0	KY433579	https://www.ncbi.nlm.nih.gov/nuccore/NC_058752
NC_058780	NC_058780,NC_058781,MW715816,MW722940	True	1.0	MW722940	https://www.ncbi.nlm.nih.gov/nuccore/NC_058780
NC_058782	NC_058782,MW722941	True	1.0	NC_058782	https://www.ncbi.nlm.nih.gov/nuccore/NC_058782
NC_058783	NC_058783,MW722942	True	1.0	MW722942	https://www.ncbi.nlm.nih.gov/nuccore/NC_058783
NC_058784	NC_058784,MW722943	True	1.0	MW722943	https://www.ncbi.nlm.nih.gov/nuccore/NC_058784
NC_058785	NC_058785,MW722944	True	1.0	MW722944	https://www.ncbi.nlm.nih.gov/nuccore/NC_058785
NC_058875	NC_058875,MW592696	True	1.0	NC_058875	https://www.ncbi.nlm.nih.gov/nuccore/NC_058875
NC_058876	NC_058876,MW592697	True	1.0	NC_058876	https://www.ncbi.nlm.nih.gov/nuccore/NC_058876
NC_058877	NC_058877,MW592698	True	1.0	MW592698	https://www.ncbi.nlm.nih.gov/nuccore/NC_058877
NC_058878	NC_058878,MW592699	True	1.0	NC_058878	https://www.ncbi.nlm.nih.gov/nuccore/NC_058878
NC_059722	NC_059722,MW077730	True	1.0	MW077730	https://www.ncbi.nlm.nih.gov/nuccore/NC_059722
NC_059929	NC_059929,MW561224	True	1.0	NC_059929	https://www.ncbi.nlm.nih.gov/nuccore/NC_059929
NC_060531	NC_060531,MW822747	False	0.0		https://www.ncbi.nlm.nih.gov/nuccore/NC_060531
NC_060532	NC_060532,MW822748	False	0.0		https://www.ncbi.nlm.nih.gov/nuccore/NC_060532
NC_060533	NC_060533,MZ334627	False	0.0		https://www.ncbi.nlm.nih.gov/nuccore/NC_060533
NC_060534	NC_060534,MZ334628	False	0.0		https://www.ncbi.nlm.nih.gov/nuccore/NC_060534
NC_060857	NC_060857,OK574455,OK637332,OK637334	True	1.0	OK637332	https://www.ncbi.nlm.nih.gov/nuccore/NC_060857
NC_060858	NC_060858,OK574456,OK637333,OK637335	True	1.0	OK637333	https://www.ncbi.nlm.nih.gov/nuccore/NC_060858
NC_060859	NC_060859,OK574457	True	1.0	OK574457	https://www.ncbi.nlm.nih.gov/nuccore/NC_060859
NC_061046	NC_061046,OK505007	True	1.0	NC_061046	https://www.ncbi.nlm.nih.gov/nuccore/NC_061046
NC_061047	NC_061047,OK505008	True	1.0	NC_061047	https://www.ncbi.nlm.nih.gov/nuccore/NC_061047
NC_061048	NC_061048,OK505011	True	1.0	OK505011	https://www.ncbi.nlm.nih.gov/nuccore/NC_061048
NC_061049	NC_061049,OK505012	True	1.0	OK505012	https://www.ncbi.nlm.nih.gov/nuccore/NC_061049
NC_061768	NC_061768,MW485980,MG922855,NC_016735	True	1.0	MG922855	https://www.ncbi.nlm.nih.gov/nuccore/NC_061768
NC_062300	NC_062300,MZ853149	True	1.0	MZ853149	https://www.ncbi.nlm.nih.gov/nuccore/NC_062300
NC_062301	NC_062301,MZ853150	True	1.0	NC_062301	https://www.ncbi.nlm.nih.gov/nuccore/NC_062301
NC_062379	NC_062379,MZ680365	True	1.0	MZ680365	https://www.ncbi.nlm.nih.gov/nuccore/NC_062379
NC_062380	NC_062380,MZ680366,MW675661	True	1.0	MW675661	https://www.ncbi.nlm.nih.gov/nuccore/NC_062380
NC_062381	NC_062381,MZ603803	True	1.0	MZ603803	https://www.ncbi.nlm.nih.gov/nuccore/NC_062381
NC_062382	NC_062382,MZ603804	True	1.0	MZ603804	https://www.ncbi.nlm.nih.gov/nuccore/NC_062382
NC_062383	NC_062383,MZ603805	True	1.0	NC_062383	https://www.ncbi.nlm.nih.gov/nuccore/NC_062383
NC_062384	NC_062384,MZ603806	True	1.0	NC_062384	https://www.ncbi.nlm.nih.gov/nuccore/NC_062384
NC_062385	NC_062385,MZ681963,MW675671,MW675672	True	2.0	MW675671,MW675672	https://www.ncbi.nlm.nih.gov/nuccore/NC_062385
NC_062386	NC_062386,MZ681964,MW675664	True	1.0	NC_062386	https://www.ncbi.nlm.nih.gov/nuccore/NC_062386
NC_062387	NC_062387,MZ681965	True	1.0	NC_062387	https://www.ncbi.nlm.nih.gov/nuccore/NC_062387
NC_062388	NC_062388,MZ681966	True	1.0	MZ681966	https://www.ncbi.nlm.nih.gov/nuccore/NC_062388
NC_062389	NC_062389,MZ681967	True	1.0	MZ681967	https://www.ncbi.nlm.nih.gov/nuccore/NC_062389
NC_062390	NC_062390,MZ748306	True	1.0	MZ748306	https://www.ncbi.nlm.nih.gov/nuccore/NC_062390
NC_062391	NC_062391,MZ853148	True	1.0	NC_062391	https://www.ncbi.nlm.nih.gov/nuccore/NC_062391
NC_062392	NC_062392,MZ569052	True	1.0	MZ569052	https://www.ncbi.nlm.nih.gov/nuccore/NC_062392
NC_062393	NC_062393,MZ603618	True	1.0	NC_062393	https://www.ncbi.nlm.nih.gov/nuccore/NC_062393
NC_062394	NC_062394,MZ895126	True	1.0	MZ895126	https://www.ncbi.nlm.nih.gov/nuccore/NC_062394
NC_063631	NC_063631,MT896718	True	1.0	MT896718	https://www.ncbi.nlm.nih.gov/nuccore/NC_063631
NC_063632	NC_063632,MT896719	True	1.0	MT896719	https://www.ncbi.nlm.nih.gov/nuccore/NC_063632
NC_063633	NC_063633,MT896720	True	1.0	NC_063633	https://www.ncbi.nlm.nih.gov/nuccore/NC_063633
NC_063634	NC_063634,MT896722,NC_030357,KU646492	True	1.0	NC_063634	https://www.ncbi.nlm.nih.gov/nuccore/NC_063634
NC_063675	NC_063675,OM479425	True	1.0	OM479425	https://www.ncbi.nlm.nih.gov/nuccore/NC_063675
NC_065317	NC_065317,ON228255	True	1.0	NC_065317	https://www.ncbi.nlm.nih.gov/nuccore/NC_065317
NC_065318	NC_065318,ON228256	True	1.0	NC_065318	https://www.ncbi.nlm.nih.gov/nuccore/NC_065318
NC_065319	NC_065319,ON228257	True	1.0	NC_065319	https://www.ncbi.nlm.nih.gov/nuccore/NC_065319
NC_065320	NC_065320,ON228258	True	1.0	ON228258	https://www.ncbi.nlm.nih.gov/nuccore/NC_065320
NC_065321	NC_065321,ON228259	True	1.0	ON228259	https://www.ncbi.nlm.nih.gov/nuccore/NC_065321
NC_065322	NC_065322,ON228260	True	1.0	NC_065322	https://www.ncbi.nlm.nih.gov/nuccore/NC_065322
NC_065377	NC_065377,ON584177	True	1.0	NC_065377	https://www.ncbi.nlm.nih.gov/nuccore/NC_065377
NC_065388	NC_065388,ON645924	True	1.0	ON645924	https://www.ncbi.nlm.nih.gov/nuccore/NC_065388
NC_065389	NC_065389,ON645925	True	1.0	ON645925	https://www.ncbi.nlm.nih.gov/nuccore/NC_065389
NC_065488	NC_065488,MZ504745,MK212028,NC_040300,MK281458,KX839261	True	1.0	NC_065488	https://www.ncbi.nlm.nih.gov/nuccore/NC_065488
NC_065695	NC_065695,ON645926	True	1.0	ON645926	https://www.ncbi.nlm.nih.gov/nuccore/NC_065695
NC_066049	NC_066049,OM471840	True	1.0	OM471840	https://www.ncbi.nlm.nih.gov/nuccore/NC_066049
NC_066075	NC_066075,OL415005	True	1.0	NC_066075	https://www.ncbi.nlm.nih.gov/nuccore/NC_066075
NC_066077	NC_066077,OL415008	True	1.0	OL415008	https://www.ncbi.nlm.nih.gov/nuccore/NC_066077
NC_066178	NC_066178,ON929294	True	1.0	ON929294	https://www.ncbi.nlm.nih.gov/nuccore/NC_066178
NC_066179	NC_066179,ON929295	True	1.0	NC_066179	https://www.ncbi.nlm.nih.gov/nuccore/NC_066179
NC_066180	NC_066180,ON929296	True	1.0	ON929296	https://www.ncbi.nlm.nih.gov/nuccore/NC_066180
NC_066181	NC_066181,ON938208	True	1.0	NC_066181	https://www.ncbi.nlm.nih.gov/nuccore/NC_066181
NC_066452	NC_066452,MZ682024	True	1.0	MZ682024	https://www.ncbi.nlm.nih.gov/nuccore/NC_066452
NC_066457	NC_066457,NC_066458,NC_066459,NC_066050,ON675439,ON675440,ON675441,ON675442,ON675443,ON660588,NC_064730,NC_064732,NC_064337,MW485981,MW485983,ON146599,OK323194,MW767830,MW784163,MW784164,MW784165,MW784166,MW784167,MW784168,MW784169,MT873582,MT795188,MT795189,MT800998,NC_048511,MN265366,MN794016,MN121852,MG459429,NC_029856,KP881334,NC_029134,KU500638	True	1.0	NC_066457	https://www.ncbi.nlm.nih.gov/nuccore/NC_066457
NC_066651	NC_066651,OP124049	True	1.0	NC_066651	https://www.ncbi.nlm.nih.gov/nuccore/NC_066651
NC_066823	NC_066823,OL839336	True	1.0	OL839336	https://www.ncbi.nlm.nih.gov/nuccore/NC_066823
NC_066970	NC_066970,OK139149	True	1.0	OK139149	https://www.ncbi.nlm.nih.gov/nuccore/NC_066970
NC_066971	NC_066971,OK139150,AP018129,MN853877,NC_037841,MG598531,NC_021618,KC894740	True	1.0	NC_021618	https://www.ncbi.nlm.nih.gov/nuccore/NC_066971
NC_066976	NC_066976,OK136184	True	1.0	OK136184	https://www.ncbi.nlm.nih.gov/nuccore/NC_066976
NC_067041	NC_067041,OK500205	True	1.0	NC_067041	https://www.ncbi.nlm.nih.gov/nuccore/NC_067041
NC_067581	NC_067581,OK729589	True	1.0	OK729589	https://www.ncbi.nlm.nih.gov/nuccore/NC_067581
NC_067582	NC_067582,NC_067583,OK729590,OK729591,OK729592,OK729593,MW561351	True	1.0	OK729593	https://www.ncbi.nlm.nih.gov/nuccore/NC_067582
NC_067951	NC_067951,OL855989	True	1.0	NC_067951	https://www.ncbi.nlm.nih.gov/nuccore/NC_067951
NC_067952	NC_067952,OL855990	True	1.0	OL855990	https://www.ncbi.nlm.nih.gov/nuccore/NC_067952
NC_067953	NC_067953,OL855991	True	1.0	OL855991	https://www.ncbi.nlm.nih.gov/nuccore/NC_067953
NC_067954	NC_067954,OL855992	True	1.0	NC_067954	https://www.ncbi.nlm.nih.gov/nuccore/NC_067954
NC_067955	NC_067955,OL855993,NC_001713	True	1.0	NC_001713	https://www.ncbi.nlm.nih.gov/nuccore/NC_067955
NC_067956	NC_067956,OL855995	True	1.0	OL855995	https://www.ncbi.nlm.nih.gov/nuccore/NC_067956
NC_067957	NC_067957,OL855996	True	1.0	NC_067957	https://www.ncbi.nlm.nih.gov/nuccore/NC_067957
NC_068582	NC_068582,ON619891	True	1.0	ON619891	https://www.ncbi.nlm.nih.gov/nuccore/NC_068582
NC_068622	NC_068622,OP597708	True	1.0	NC_068622	https://www.ncbi.nlm.nih.gov/nuccore/NC_068622
NC_068623	NC_068623,OP298011	True	1.0	OP298011	https://www.ncbi.nlm.nih.gov/nuccore/NC_068623
NC_068624	NC_068624,OP392028	True	1.0	NC_068624	https://www.ncbi.nlm.nih.gov/nuccore/NC_068624
NC_069042	NC_069042,ON243964	True	1.0	NC_069042	https://www.ncbi.nlm.nih.gov/nuccore/NC_069042
NC_069043	NC_069043,ON243965	True	1.0	NC_069043	https://www.ncbi.nlm.nih.gov/nuccore/NC_069043
NC_069609	NC_069609,OM827249	True	1.0	NC_069609	https://www.ncbi.nlm.nih.gov/nuccore/NC_069609
NC_069610	NC_069610,OM827250	True	1.0	OM827250	https://www.ncbi.nlm.nih.gov/nuccore/NC_069610
NC_069611	NC_069611,OM827252	True	1.0	OM827252	https://www.ncbi.nlm.nih.gov/nuccore/NC_069611
NC_069636	NC_069636,ON437585	True	1.0	ON437585	https://www.ncbi.nlm.nih.gov/nuccore/NC_069636
NC_070142	NC_070142,OP748263	True	1.0	OP748263	https://www.ncbi.nlm.nih.gov/nuccore/NC_070142
NC_070143	NC_070143,OP748264	True	1.0	OP748264	https://www.ncbi.nlm.nih.gov/nuccore/NC_070143
NC_070144	NC_070144,OP748265	True	1.0	NC_070144	https://www.ncbi.nlm.nih.gov/nuccore/NC_070144
NC_070145	NC_070145,OP748266	True	1.0	NC_070145	https://www.ncbi.nlm.nih.gov/nuccore/NC_070145
NC_070146	NC_070146,OP748267	True	1.0	NC_070146	https://www.ncbi.nlm.nih.gov/nuccore/NC_070146
NC_070147	NC_070147,OP748268	True	1.0	OP748268	https://www.ncbi.nlm.nih.gov/nuccore/NC_070147
NC_070148	NC_070148,OP748269	True	1.0	OP748269	https://www.ncbi.nlm.nih.gov/nuccore/NC_070148
NC_071859	NC_071859,OP179277	True	1.0	NC_071859	https://www.ncbi.nlm.nih.gov/nuccore/NC_071859
NC_071860	NC_071860,OP179278	True	1.0	OP179278	https://www.ncbi.nlm.nih.gov/nuccore/NC_071860
NC_071861	NC_071861,OP179279	True	1.0	OP179279	https://www.ncbi.nlm.nih.gov/nuccore/NC_071861
NC_071862	NC_071862,OP179280	True	1.0	OP179280	https://www.ncbi.nlm.nih.gov/nuccore/NC_071862
NC_071863	NC_071863,OP179281	True	1.0	OP179281	https://www.ncbi.nlm.nih.gov/nuccore/NC_071863
NC_071864	NC_071864,OP179282	True	1.0	NC_071864	https://www.ncbi.nlm.nih.gov/nuccore/NC_071864
NC_071865	NC_071865,OP179283	True	1.0	OP179283	https://www.ncbi.nlm.nih.gov/nuccore/NC_071865
NC_071969	NC_071969,OP448647	True	1.0	OP448647	https://www.ncbi.nlm.nih.gov/nuccore/NC_071969
NC_072236	NC_072236,OP616815,OP616816,MZ681961	True	1.0	OP616815	https://www.ncbi.nlm.nih.gov/nuccore/NC_072236
NC_072617	NC_072617,OM179747	True	1.0	OM179747	https://www.ncbi.nlm.nih.gov/nuccore/NC_072617
NC_072659	NC_072659,OQ417768	True	1.0	OQ417768	https://www.ncbi.nlm.nih.gov/nuccore/NC_072659
NC_072660	NC_072660,OQ417769	True	1.0	NC_072660	https://www.ncbi.nlm.nih.gov/nuccore/NC_072660
NC_072900	NC_072900,ON986218	True	1.0	ON986218	https://www.ncbi.nlm.nih.gov/nuccore/NC_072900
NC_072901	NC_072901,ON986220	True	1.0	ON986220	https://www.ncbi.nlm.nih.gov/nuccore/NC_072901
NC_072902	NC_072902,ON986221	True	1.0	ON986221	https://www.ncbi.nlm.nih.gov/nuccore/NC_072902
NC_072903	NC_072903,ON986222	True	1.0	NC_072903	https://www.ncbi.nlm.nih.gov/nuccore/NC_072903
NC_072904	NC_072904,ON986223	True	1.0	ON986223	https://www.ncbi.nlm.nih.gov/nuccore/NC_072904
NC_072905	NC_072905,ON986224	True	1.0	ON986224	https://www.ncbi.nlm.nih.gov/nuccore/NC_072905
NC_072923	NC_072923,NC_072924,OQ159090,OQ159091	True	1.0	NC_072923	https://www.ncbi.nlm.nih.gov/nuccore/NC_072923
NC_072969	NC_072969,ON892539	True	1.0	ON892539	https://www.ncbi.nlm.nih.gov/nuccore/NC_072969
NC_077586	NC_077586,OQ612619	True	1.0	NC_077586	https://www.ncbi.nlm.nih.gov/nuccore/NC_077586
NC_077591	NC_077591,OP985133,NC_067776,OL684341,MN853879,MW699788,KP720616	True	1.0	OP985133	https://www.ncbi.nlm.nih.gov/nuccore/NC_077591
NC_079641	NC_079641,OQ731396	True	1.0	OQ731396	https://www.ncbi.nlm.nih.gov/nuccore/NC_079641
NC_079642	NC_079642,NC_079643,OQ731397,OQ731398	True	1.0	OQ731398	https://www.ncbi.nlm.nih.gov/nuccore/NC_079642
NC_079644	NC_079644,OQ731400	True	1.0	OQ731400	https://www.ncbi.nlm.nih.gov/nuccore/NC_079644
NC_079645	NC_079645,OQ731401,NC_035290,MF101446	True	1.0	NC_079645	https://www.ncbi.nlm.nih.gov/nuccore/NC_079645
NC_079646	NC_079646,OQ731402	True	1.0	OQ731402	https://www.ncbi.nlm.nih.gov/nuccore/NC_079646
NC_079647	NC_079647,OQ731403	True	1.0	NC_079647	https://www.ncbi.nlm.nih.gov/nuccore/NC_079647
NC_079843	NC_079843,OQ731916	True	1.0	OQ731916	https://www.ncbi.nlm.nih.gov/nuccore/NC_079843
NC_081592	NC_081592,OL964140	True	1.0	NC_081592	https://www.ncbi.nlm.nih.gov/nuccore/NC_081592
NC_081593	NC_081593,OL964141	True	1.0	NC_081593	https://www.ncbi.nlm.nih.gov/nuccore/NC_081593
NC_081594	NC_081594,OL964143	True	1.0	OL964143	https://www.ncbi.nlm.nih.gov/nuccore/NC_081594
NC_081595	NC_081595,NC_081599,OL964144,OL964146,OL964152,OL964153,OL964154	True	1.0	OL964144	https://www.ncbi.nlm.nih.gov/nuccore/NC_081595
NC_081596	NC_081596,NC_081597,OL964147,OL964148	True	1.0	NC_081596	https://www.ncbi.nlm.nih.gov/nuccore/NC_081596
NC_081598	NC_081598,OL964151	True	1.0	OL964151	https://www.ncbi.nlm.nih.gov/nuccore/NC_081598
NC_081600	NC_081600,OL964155	True	1.0	NC_081600	https://www.ncbi.nlm.nih.gov/nuccore/NC_081600
NC_081601	NC_081601,OL964156	True	1.0	NC_081601	https://www.ncbi.nlm.nih.gov/nuccore/NC_081601
NC_081925	NC_081925,OR094252	True	1.0	OR094252	https://www.ncbi.nlm.nih.gov/nuccore/NC_081925
NC_081973	NC_081973,OR128541	True	1.0	OR128541	https://www.ncbi.nlm.nih.gov/nuccore/NC_081973
NC_082037	NC_082037,OR148361	True	1.0	OR148361	https://www.ncbi.nlm.nih.gov/nuccore/NC_082037
NC_082067	NC_082067,OR168091	True	1.0	OR168091	https://www.ncbi.nlm.nih.gov/nuccore/NC_082067
NC_082068	NC_082068,OR168092,OR168093,OR168094	True	1.0	OR168094	https://www.ncbi.nlm.nih.gov/nuccore/NC_082068
NC_082069	NC_082069,NC_082072,OR168095,OR168102	True	1.0	OR168095	https://www.ncbi.nlm.nih.gov/nuccore/NC_082069
NC_082070	NC_082070,OR168096,OR168097,OR168107,OR168108	True	1.0	OR168107	https://www.ncbi.nlm.nih.gov/nuccore/NC_082070
NC_082071	NC_082071,OR168098	True	1.0	NC_082071	https://www.ncbi.nlm.nih.gov/nuccore/NC_082071
NC_082073	NC_082073,OR168100,OR168103,OR168104,OR168105,OR168106	True	1.0	OR168106	https://www.ncbi.nlm.nih.gov/nuccore/NC_082073
NC_082074	NC_082074,OR168111	True	1.0	OR168111	https://www.ncbi.nlm.nih.gov/nuccore/NC_082074
NC_082075	NC_082075,OR168114,KX306884	True	1.0	OR168114	https://www.ncbi.nlm.nih.gov/nuccore/NC_082075
NC_082076	NC_082076,OR168115,OR168116,OR168117	True	1.0	NC_082076	https://www.ncbi.nlm.nih.gov/nuccore/NC_082076
NC_082175	NC_082175,OR228415	False	0.0		https://www.ncbi.nlm.nih.gov/nuccore/NC_082175
NC_082194	NC_082194,OQ161668,OQ161669,OQ161671	True	1.0	OQ161668	https://www.ncbi.nlm.nih.gov/nuccore/NC_082194
NC_082433	NC_082433,OQ694380	True	1.0	OQ694380	https://www.ncbi.nlm.nih.gov/nuccore/NC_082433
NC_082854	NC_082854,OQ908871	True	1.0	OQ908871	https://www.ncbi.nlm.nih.gov/nuccore/NC_082854
NC_082855	NC_082855,OQ908872	True	1.0	NC_082855	https://www.ncbi.nlm.nih.gov/nuccore/NC_082855
NC_082856	NC_082856,OQ908870,OQ908873	True	1.0	NC_082856	https://www.ncbi.nlm.nih.gov/nuccore/NC_082856
NC_082858	NC_082858,OR382008	True	1.0	OR382008	https://www.ncbi.nlm.nih.gov/nuccore/NC_082858
NC_084208	NC_084208,OR597590,KP714733	True	1.0	KP714733	https://www.ncbi.nlm.nih.gov/nuccore/NC_084208
NC_084248	NC_084248,OR635816	True	1.0	OR635816	https://www.ncbi.nlm.nih.gov/nuccore/NC_084248
NC_084249	NC_084249,OR635817	True	1.0	OR635817	https://www.ncbi.nlm.nih.gov/nuccore/NC_084249
NC_084250	NC_084250,OR635818	True	1.0	OR635818	https://www.ncbi.nlm.nih.gov/nuccore/NC_084250
NC_084269	NC_084269,OR398345	True	1.0	NC_084269	https://www.ncbi.nlm.nih.gov/nuccore/NC_084269
NC_084366	NC_084366,NC_085307,ON552970,OR663914,NC_057231,NC_056288,MZ156034,MZ156035,MT732096,MN561187,NC_044689,NC_044690,MH784527,MH784528,NC_044182,MK965908	True	1.0	NC_044689	https://www.ncbi.nlm.nih.gov/nuccore/NC_084366
NC_085234	NC_085234,NC_085309,ON552972,ON527003,OP121027,OP121028,OP121029,OP121030,OP121031,OP121032,OP121033,OP121034,OP121035,OP121036,OP121037,OP121038,OP121039,OP121040,OP121041,OP121042,OP121043,OP121044,OP121045,OP121046,OP121047,OP121048,OP121049,OP121050,OP121051,OP121052,OP121053,OP121054,OP121055,OP121056,OP121057,OP121058,OP121059,OP121060,OP121061,OP121062,OP121063,OP121064,OP121065,OP121066,OP121067,OP121068,OP121069,OP121070,OP121071,OP121072,OP121073,OP121074,OP121075,OP121076,OP121077,OP121078,OP121079,OP121080,OP121081,OP121082,OP121083,OP121084,OP121085,OP121086,OP121087,OP121088,OP121089,OK139151,OK139152,OK139153,OK149043,OK149044,OK149045,OK149046,OK149047,OK149048,OK149049,OK149050,OK149051,OK149052,OK149053,OK149054,OK149055,OK149056,OK149057,OK149058,OK149059,OK149060,OK149063,OK149064,OK149065,OK149066,OK149067,OK149068,OK149069,OK149070,OK149071,OK149072,OK149073,OK149074,OK149075,OK149076,OK149077,OK149078,OK149079,OK149080,OK149081,OK149082,OK149083,OK149084,OK149085,OK149086,OK149087,OK149088,OK149089,OK149090,OK149091,OK149092,OK149093,OK149094,OK149095,OK149096,OK149097,OK149098,OK149099,OK149100,OK149101,NC_058768,NC_058769,NC_058770,NC_058771,NC_058772,MZ504642,MZ504643,MZ504644,MZ504645,MZ504646,MZ504647,MZ504648,MZ504649,MZ504650,MZ504651,MZ504652,MZ504653,MZ504654,MZ504655,MZ504656,MZ504657,MZ504658,MZ504659,MZ504660,MZ504661,MZ156029,MZ156033,MZ156044,MT767060,MT767062,KU200463,NC_028503,KP298002	True	1.0	NC_058769	https://www.ncbi.nlm.nih.gov/nuccore/NC_085234
NC_085293	NC_085293,NC_085299,NC_085301,NC_085306,ON552953,ON552958,ON552960,ON552962,ON552968,MZ706293,MZ156036,MZ156042,NC_028502,KR336545	True	1.0	NC_085301	https://www.ncbi.nlm.nih.gov/nuccore/NC_085293
NC_085294	NC_085294,ON552954	True	1.0	NC_085294	https://www.ncbi.nlm.nih.gov/nuccore/NC_085294
NC_085295	NC_085295,ON552955	True	1.0	ON552955	https://www.ncbi.nlm.nih.gov/nuccore/NC_085295
NC_085296	NC_085296,ON552956,MZ156037	True	1.0	ON552956	https://www.ncbi.nlm.nih.gov/nuccore/NC_085296
NC_085297	NC_085297,ON552957	True	1.0	NC_085297	https://www.ncbi.nlm.nih.gov/nuccore/NC_085297
NC_085298	NC_085298,ON552959	True	1.0	NC_085298	https://www.ncbi.nlm.nih.gov/nuccore/NC_085298
NC_085300	NC_085300,ON552961,MZ156041	True	1.0	NC_085300	https://www.ncbi.nlm.nih.gov/nuccore/NC_085300
NC_085302	NC_085302,ON552963	True	1.0	ON552963	https://www.ncbi.nlm.nih.gov/nuccore/NC_085302
NC_085305	NC_085305,ON552967	True	1.0	ON552967	https://www.ncbi.nlm.nih.gov/nuccore/NC_085305
NC_085308	NC_085308,ON552971	True	1.0	ON552971	https://www.ncbi.nlm.nih.gov/nuccore/NC_085308
NC_085310	NC_085310,ON552974	True	1.0	ON552974	https://www.ncbi.nlm.nih.gov/nuccore/NC_085310
NC_085311	NC_085311,ON552975	True	1.0	NC_085311	https://www.ncbi.nlm.nih.gov/nuccore/NC_085311
NC_085312	NC_085312,ON552976	True	1.0	NC_085312	https://www.ncbi.nlm.nih.gov/nuccore/NC_085312
NC_086652	NC_086652,OR757060	True	1.0	NC_086652	https://www.ncbi.nlm.nih.gov/nuccore/NC_086652
NC_086653	NC_086653,OR757061	True	1.0	NC_086653	https://www.ncbi.nlm.nih.gov/nuccore/NC_086653
NC_086752	NC_086752,OR502664,OR502665	True	1.0	NC_086752	https://www.ncbi.nlm.nih.gov/nuccore/NC_086752
NC_086753	NC_086753,OR502666	True	1.0	NC_086753	https://www.ncbi.nlm.nih.gov/nuccore/NC_086753
NC_086754	NC_086754,OR502668	True	1.0	OR502668	https://www.ncbi.nlm.nih.gov/nuccore/NC_086754
NC_086755	NC_086755,NC_086756,OR502669,OR502670	True	1.0	OR502669	https://www.ncbi.nlm.nih.gov/nuccore/NC_086755
NC_086797	NC_086797,NC_086808,OQ349516,OR003918,MN389525,MW531676,MW543061,NC_053613,NC_053614,NC_053615,MT179350,MT179352,NC_042255,MH730972,AP018696,NC_029040,KT882614	True	1.0	NC_053613	https://www.ncbi.nlm.nih.gov/nuccore/NC_086797
NC_086863	NC_086863,OQ848500	False	0.0		https://www.ncbi.nlm.nih.gov/nuccore/NC_086863
NC_086864	NC_086864,OQ848501	False	0.0		https://www.ncbi.nlm.nih.gov/nuccore/NC_086864
NC_086871	NC_086871,OR361335	True	1.0	OR361335	https://www.ncbi.nlm.nih.gov/nuccore/NC_086871
NC_086886	NC_086886,OR699085	True	1.0	NC_086886	https://www.ncbi.nlm.nih.gov/nuccore/NC_086886
NC_086904	NC_086904,PP291728,NC_037479,AP018372	False	0.0		https://www.ncbi.nlm.nih.gov/nuccore/NC_086904
NC_086905	NC_086905,PP291729	False	0.0		https://www.ncbi.nlm.nih.gov/nuccore/NC_086905
NC_086906	NC_086906,PP291730	False	0.0		https://www.ncbi.nlm.nih.gov/nuccore/NC_086906
NC_086907	NC_086907,PP291731	False	0.0		https://www.ncbi.nlm.nih.gov/nuccore/NC_086907
NC_086908	NC_086908,PP291732	False	0.0		https://www.ncbi.nlm.nih.gov/nuccore/NC_086908
NC_086909	NC_086909,PP291733	False	0.0		https://www.ncbi.nlm.nih.gov/nuccore/NC_086909
NC_086910	NC_086910,PP291734	False	0.0		https://www.ncbi.nlm.nih.gov/nuccore/NC_086910
NC_086911	NC_086911,PP291735	False	0.0		https://www.ncbi.nlm.nih.gov/nuccore/NC_086911
NC_086912	NC_086912,PP291736	False	0.0		https://www.ncbi.nlm.nih.gov/nuccore/NC_086912
NC_086913	NC_086913,PP291737	False	0.0		https://www.ncbi.nlm.nih.gov/nuccore/NC_086913
NC_086914	NC_086914,PP291738	False	0.0		https://www.ncbi.nlm.nih.gov/nuccore/NC_086914
NC_087870	NC_087870,PP471197,NC_085303,NC_085304,ON552964,ON552965,ON552966,OR228416,OR228417,OR228418,NC_079820,ON117328,ON117329,ON117330,ON117331,ON117332,OP895676,NC_070408,OK216140,OP866272,MK058524,MK058525,MK058526,MZ156038,MZ156040,MZ156043,MW038824,NC_018523,JQ405663	True	1.0	NC_070408	https://www.ncbi.nlm.nih.gov/nuccore/NC_087870
OK136183	OK136183	True	1.0	OK136183	https://www.ncbi.nlm.nih.gov/nuccore/OK136183
OK136185	OK136185	True	1.0	OK136185	https://www.ncbi.nlm.nih.gov/nuccore/OK136185
OK136186	OK136186	True	1.0	OK136186	https://www.ncbi.nlm.nih.gov/nuccore/OK136186
OK189523	OK189523,OK189524,OK189525,OK189526,KY509314	True	1.0	OK189524	https://www.ncbi.nlm.nih.gov/nuccore/OK189523
OK189527	OK189527	True	1.0	OK189527	https://www.ncbi.nlm.nih.gov/nuccore/OK189527
OK189528	OK189528	True	1.0	OK189528	https://www.ncbi.nlm.nih.gov/nuccore/OK189528
OK189529	OK189529	True	1.0	OK189529	https://www.ncbi.nlm.nih.gov/nuccore/OK189529
OK189530	OK189530,OK189531	True	1.0	OK189531	https://www.ncbi.nlm.nih.gov/nuccore/OK189530
OK505009	OK505009	True	1.0	OK505009	https://www.ncbi.nlm.nih.gov/nuccore/OK505009
OK505010	OK505010	True	1.0	OK505010	https://www.ncbi.nlm.nih.gov/nuccore/OK505010
OK569791	OK569791	True	1.0	OK569791	https://www.ncbi.nlm.nih.gov/nuccore/OK569791
OK729588	OK729588,NC_066076,OL415006,OL415007	True	1.0	NC_066076	https://www.ncbi.nlm.nih.gov/nuccore/OK729588
OL855988	OL855988,NC_024085,KC509525	True	1.0	NC_024085	https://www.ncbi.nlm.nih.gov/nuccore/OL855988
OL855994	OL855994	True	1.0	OL855994	https://www.ncbi.nlm.nih.gov/nuccore/OL855994
OL964142	OL964142,NC_072618,OM179751	True	1.0	OM179751	https://www.ncbi.nlm.nih.gov/nuccore/OL964142
OL964145	OL964145,NC_072616,OM179746	True	1.0	NC_072616	https://www.ncbi.nlm.nih.gov/nuccore/OL964145
OL964149	OL964149	True	1.0	OL964149	https://www.ncbi.nlm.nih.gov/nuccore/OL964149
OL964150	OL964150	True	1.0	OL964150	https://www.ncbi.nlm.nih.gov/nuccore/OL964150
OM084809	OM084809	True	1.0	OM084809	https://www.ncbi.nlm.nih.gov/nuccore/OM084809
OM494341	OM494341	True	1.0	OM494341	https://www.ncbi.nlm.nih.gov/nuccore/OM494341
OM827248	OM827248	True	1.0	OM827248	https://www.ncbi.nlm.nih.gov/nuccore/OM827248
OM827251	OM827251	True	1.0	OM827251	https://www.ncbi.nlm.nih.gov/nuccore/OM827251
ON390793	ON390793	True	1.0	ON390793	https://www.ncbi.nlm.nih.gov/nuccore/ON390793
ON406422	ON406422,NC_008097,DQ229107	True	1.0	ON406422	https://www.ncbi.nlm.nih.gov/nuccore/ON406422
ON552969	ON552969,NC_058314,MW762687	True	1.0	ON552969	https://www.ncbi.nlm.nih.gov/nuccore/ON552969
ON552973	ON552973,NC_057081,MW415415,MK798154,NC_046447,MK107984,MK107985	True	1.0	NC_057081	https://www.ncbi.nlm.nih.gov/nuccore/ON552973
ON553957	ON553957	True	1.0	ON553957	https://www.ncbi.nlm.nih.gov/nuccore/ON553957
ON720942	ON720942	True	1.0	ON720942	https://www.ncbi.nlm.nih.gov/nuccore/ON720942
ON844102	ON844102,ON844103,ON844104,ON844105,NC_063782,NC_063783,NC_063784,NC_063785,OL322706,OL322707,OL691556,OL703590,OL703591,OL703592,OL703593,OL703594,OL703595,OL703596,OL703597,OL703598,OL703599,OL703600,OL703601,OL703602,OL703603,OL703604,OL703605,OL703606,OL703607,OL703608,OL703609,OL703610,OL703611,JN022705,NC_007288,AY741371	True	1.0	ON844102	https://www.ncbi.nlm.nih.gov/nuccore/ON844102
ON986219	ON986219	True	1.0	ON986219	https://www.ncbi.nlm.nih.gov/nuccore/ON986219
OP122566	OP122566,HF562234,NC_020795	True	1.0	NC_020795	https://www.ncbi.nlm.nih.gov/nuccore/OP122566
OP122567	OP122567	True	1.0	OP122567	https://www.ncbi.nlm.nih.gov/nuccore/OP122567
OP142701	OP142701,OP171936,OP171937	True	1.0	OP171936	https://www.ncbi.nlm.nih.gov/nuccore/OP142701
OP171935	OP171935	True	1.0	OP171935	https://www.ncbi.nlm.nih.gov/nuccore/OP171935
OP448669	OP448669	True	1.0	OP448669	https://www.ncbi.nlm.nih.gov/nuccore/OP448669
OP597710	OP597710	True	1.0	OP597710	https://www.ncbi.nlm.nih.gov/nuccore/OP597710
OP612670	OP612670	True	1.0	OP612670	https://www.ncbi.nlm.nih.gov/nuccore/OP612670
OP616811	OP616811	True	1.0	OP616811	https://www.ncbi.nlm.nih.gov/nuccore/OP616811
OP616812	OP616812	True	1.0	OP616812	https://www.ncbi.nlm.nih.gov/nuccore/OP616812
OP616813	OP616813,OP616814	True	1.0	OP616814	https://www.ncbi.nlm.nih.gov/nuccore/OP616813
OP616817	OP616817	True	1.0	OP616817	https://www.ncbi.nlm.nih.gov/nuccore/OP616817
OP616818	OP616818,AF022186,NC_001840	True	1.0	NC_001840	https://www.ncbi.nlm.nih.gov/nuccore/OP616818
OP616819	OP616819,MZ681959,MZ681960,NC_051883,MN431657	True	1.0	NC_051883	https://www.ncbi.nlm.nih.gov/nuccore/OP616819
OP616820	OP616820	True	1.0	OP616820	https://www.ncbi.nlm.nih.gov/nuccore/OP616820
OP718169	OP718169,NC_067848,OL752416	True	1.0	OL752416	https://www.ncbi.nlm.nih.gov/nuccore/OP718169
OP765320	OP765320,NC_068256,OM329943	True	1.0	OM329943	https://www.ncbi.nlm.nih.gov/nuccore/OP765320
OP978508	OP978508,MN853882,NC_039092,MH396013	True	1.0	NC_039092	https://www.ncbi.nlm.nih.gov/nuccore/OP978508
OP985129	OP985129,NC_077590,OP985130,OP985131,OP985132,NC_067777,OL684342,MZ703011,MZ561475,MZ571508,NC_036137,KX342867,NC_035823,KX579943,NC_030312,KX058323	True	1.0	MZ571508	https://www.ncbi.nlm.nih.gov/nuccore/OP985129
OQ161670	OQ161670	True	1.0	OQ161670	https://www.ncbi.nlm.nih.gov/nuccore/OQ161670
OQ161672	OQ161672,OQ161673	True	1.0	OQ161672	https://www.ncbi.nlm.nih.gov/nuccore/OQ161672
OQ349515	OQ349515	True	1.0	OQ349515	https://www.ncbi.nlm.nih.gov/nuccore/OQ349515
OQ694379	OQ694379	True	1.0	OQ694379	https://www.ncbi.nlm.nih.gov/nuccore/OQ694379
OQ694381	OQ694381,NC_024079,KC509519	True	1.0	OQ694381	https://www.ncbi.nlm.nih.gov/nuccore/OQ694381
OQ731394	OQ731394	True	1.0	OQ731394	https://www.ncbi.nlm.nih.gov/nuccore/OQ731394
OQ731395	OQ731395	True	1.0	OQ731395	https://www.ncbi.nlm.nih.gov/nuccore/OQ731395
OQ731399	OQ731399	True	1.0	OQ731399	https://www.ncbi.nlm.nih.gov/nuccore/OQ731399
OQ848499	OQ848499	False	0.0		https://www.ncbi.nlm.nih.gov/nuccore/OQ848499
OQ849777	OQ849777	True	1.0	OQ849777	https://www.ncbi.nlm.nih.gov/nuccore/OQ849777
OQ908868	OQ908868,OQ908869	True	1.0	OQ908869	https://www.ncbi.nlm.nih.gov/nuccore/OQ908868
OQ942923	OQ942923	True	1.0	OQ942923	https://www.ncbi.nlm.nih.gov/nuccore/OQ942923
OR139612	OR139612,NC_071183,OM766211,NC_065334,ON227495,NC_058274,MZ156031,MZ156032,MW899036,NC_049039,MT151382	True	1.0	NC_065334	https://www.ncbi.nlm.nih.gov/nuccore/OR139612
OR148362	OR148362	True	1.0	OR148362	https://www.ncbi.nlm.nih.gov/nuccore/OR148362
OR168088	OR168088,NC_008822,DQ422812	True	1.0	NC_008822	https://www.ncbi.nlm.nih.gov/nuccore/OR168088
OR168089	OR168089,OR168090,NC_030313,KU646490	True	1.0	OR168090	https://www.ncbi.nlm.nih.gov/nuccore/OR168089
OR168099	OR168099,OR168101	True	1.0	OR168099	https://www.ncbi.nlm.nih.gov/nuccore/OR168099
OR168110	OR168110,OR168109,NC_024167,KJ461680	True	1.0	NC_024167	https://www.ncbi.nlm.nih.gov/nuccore/OR168110
OR168112	OR168112,OR168113,AF166114,NC_002186	True	1.0	NC_002186	https://www.ncbi.nlm.nih.gov/nuccore/OR168112
OR350844	OR350844	True	1.0	OR350844	https://www.ncbi.nlm.nih.gov/nuccore/OR350844
OR464347	OR464347,NC_066074,OL415004	True	1.0	OR464347	https://www.ncbi.nlm.nih.gov/nuccore/OR464347
OR464348	OR464348	True	1.0	OR464348	https://www.ncbi.nlm.nih.gov/nuccore/OR464348
OR464349	OR464349	True	1.0	OR464349	https://www.ncbi.nlm.nih.gov/nuccore/OR464349
OR464350	OR464350	True	1.0	OR464350	https://www.ncbi.nlm.nih.gov/nuccore/OR464350
OR464351	OR464351	True	1.0	OR464351	https://www.ncbi.nlm.nih.gov/nuccore/OR464351
OR464352	OR464352	True	1.0	OR464352	https://www.ncbi.nlm.nih.gov/nuccore/OR464352
OR502667	OR502667	True	1.0	OR502667	https://www.ncbi.nlm.nih.gov/nuccore/OR502667
OR502671	OR502671	True	1.0	OR502671	https://www.ncbi.nlm.nih.gov/nuccore/OR502671
OR502672	OR502672,KX756229,NC_008101,DQ396875	True	1.0	KX756229	https://www.ncbi.nlm.nih.gov/nuccore/OR502672
OR608737	OR608737	True	1.0	OR608737	https://www.ncbi.nlm.nih.gov/nuccore/OR608737
OR666648	OR666648,NC_077461,MT385839,KJ958480,KJ958481	True	1.0	KJ958480	https://www.ncbi.nlm.nih.gov/nuccore/OR666648
OR666649	OR666649	True	1.0	OR666649	https://www.ncbi.nlm.nih.gov/nuccore/OR666649
OR666650	OR666650	True	1.0	OR666650	https://www.ncbi.nlm.nih.gov/nuccore/OR666650
OR666651	OR666651	True	1.0	OR666651	https://www.ncbi.nlm.nih.gov/nuccore/OR666651
OR666652	OR666652,NC_072630,OP964512	True	1.0	OP964512	https://www.ncbi.nlm.nih.gov/nuccore/OR666652
OR666653	OR666653	True	1.0	OR666653	https://www.ncbi.nlm.nih.gov/nuccore/OR666653
OR666654	OR666654	True	1.0	OR666654	https://www.ncbi.nlm.nih.gov/nuccore/OR666654
OR666655	OR666655	True	1.0	OR666655	https://www.ncbi.nlm.nih.gov/nuccore/OR666655
OR666656	OR666656,NC_038005,MG755804	True	1.0	NC_038005	https://www.ncbi.nlm.nih.gov/nuccore/OR666656
OR666657	OR666657	True	1.0	OR666657	https://www.ncbi.nlm.nih.gov/nuccore/OR666657
OR666658	OR666658	True	1.0	OR666658	https://www.ncbi.nlm.nih.gov/nuccore/OR666658
OR795085	OR795085,OR795086	True	1.0	OR795086	https://www.ncbi.nlm.nih.gov/nuccore/OR795085
OR805654	OR805654	True	1.0	OR805654	https://www.ncbi.nlm.nih.gov/nuccore/OR805654
OR830335	OR830335,NC_012097,FJ493498	True	1.0	FJ493498	https://www.ncbi.nlm.nih.gov/nuccore/OR830335
OR858607	OR858607,NC_082077,NC_082078,OR168118,OR168119	True	1.0	OR168118	https://www.ncbi.nlm.nih.gov/nuccore/OR858607
OR881974	OR881974,OR909680,OR909681,OR909682,OR909683,OR909684	True	1.0	OR909681	https://www.ncbi.nlm.nih.gov/nuccore/OR881974
OR909685	OR909685	False	0.0		https://www.ncbi.nlm.nih.gov/nuccore/OR909685
PP291739	PP291739,NC_054192,MN794236	False	0.0		https://www.ncbi.nlm.nih.gov/nuccore/PP291739
PP291740	PP291740	False	0.0		https://www.ncbi.nlm.nih.gov/nuccore/PP291740
PP728231	PP728231	True	1.0	PP728231	https://www.ncbi.nlm.nih.gov/nuccore/PP728231
PP906181	PP906181,NC_081972,OR128540,LC521919	True	1.0	OR128540	https://www.ncbi.nlm.nih.gov/nuccore/PP906181
PP942170	PP942170	True	1.0	PP942170	https://www.ncbi.nlm.nih.gov/nuccore/PP942170
PP949287	PP949287	True	1.0	PP949287	https://www.ncbi.nlm.nih.gov/nuccore/PP949287
PP962255	PP962255,PP727123	True	1.0	PP962255	https://www.ncbi.nlm.nih.gov/nuccore/PP962255
PP990793	PP990793	True	1.0	PP990793	https://www.ncbi.nlm.nih.gov/nuccore/PP990793
PQ010274	PQ010274,NC_058786,MW853966	True	1.0	NC_058786	https://www.ncbi.nlm.nih.gov/nuccore/PQ010274
PQ010275	PQ010275	True	1.0	PQ010275	https://www.ncbi.nlm.nih.gov/nuccore/PQ010275
PQ010276	PQ010276	True	1.0	PQ010276	https://www.ncbi.nlm.nih.gov/nuccore/PQ010276
PQ010277	PQ010277	True	1.0	PQ010277	https://www.ncbi.nlm.nih.gov/nuccore/PQ010277
PQ144585	PQ144585,PQ083144	True	1.0	PQ144585	https://www.ncbi.nlm.nih.gov/nuccore/PQ144585
PQ399789	PQ399789	True	1.0	PQ399789	https://www.ncbi.nlm.nih.gov/nuccore/PQ399789
PQ652170	PQ652170,NC_013359,GQ892829	True	1.0	NC_013359	https://www.ncbi.nlm.nih.gov/nuccore/PQ652170
PQ722531	PQ722531	True	1.0	PQ722531	https://www.ncbi.nlm.nih.gov/nuccore/PQ722531
